"client_id","first_payment_date","first_payment_amount","second_payment_date","second_payment_amount","last_payment_date","days_between_first_and_second_payments","average_days_between_payments"
1483,2013-04-16,185.0,,,2013-04-16,,
1543,,,,,,,
2061,2013-03-07,399.0,,,2013-03-07,,
3209,2013-01-17,399.0,2013-02-05,399.0,2013-05-21,19,15
3541,2013-02-27,56.0,2013-04-18,96.0,2013-05-30,50,15
4122,2013-01-24,96.0,2013-02-19,96.0,2013-04-26,26,18
6558,2013-02-13,399.0,2013-04-17,399.0,2013-05-28,63,17
11951,2013-02-25,399.0,2013-03-22,399.0,2013-05-28,25,23
12134,2013-01-18,96.0,2013-02-05,96.0,2013-04-02,18,37
12910,,,,,,,
15174,2013-01-15,56.0,2013-01-21,56.0,2013-04-12,6,4
19024,,,,,,,
22293,2013-02-17,15.99,2013-02-17,15.99,2013-05-31,0,2
27560,2013-01-03,30.0,2013-01-03,30.0,2013-04-25,0,4
28450,2013-01-31,96.0,2013-03-13,96.0,2013-05-22,41,18
32323,2013-02-28,399.0,2013-02-28,249.0,2013-05-28,0,6
42399,2013-01-09,15.99,2013-01-09,15.99,2013-05-28,0,1
45639,,,,,,,
46518,2013-05-14,96.0,,,2013-05-14,,
57066,2013-01-28,15.99,,,2013-01-28,,
62539,2013-01-09,96.0,2013-01-15,96.0,2013-05-29,6,8
64082,2013-01-24,399.0,2013-02-01,399.0,2013-02-11,8,4
64749,,,,,,,
64869,2013-01-10,15.99,2013-02-27,30.0,2013-03-23,48,3
69117,,,,,,,
70388,,,,,,,
72114,2013-02-25,56.0,2013-03-25,56.0,2013-04-17,28,17
72363,2013-01-19,15.99,2013-01-19,15.99,2013-05-02,0,3
74447,2013-01-14,15.99,2013-01-15,15.99,2013-03-12,1,5
75171,,,,,,,
78646,2013-01-14,56.0,2013-01-18,185.0,2013-05-24,4,6
81062,,,,,,,
82147,2013-01-23,399.0,2013-01-29,399.0,2013-04-19,6,14
83060,2013-01-22,30.0,2013-02-11,15.99,2013-03-20,20,28
86160,2013-03-14,56.0,2013-04-11,56.0,2013-05-13,28,30
89077,2013-03-11,96.0,2013-03-16,249.0,2013-03-16,5,5
92921,2013-04-04,30.0,,,2013-04-04,,
95958,2013-03-10,15.99,2013-03-14,30.0,2013-03-20,4,3
98835,2013-03-30,399.0,,,2013-03-30,,
99499,,,,,,,
102201,2013-03-18,96.0,2013-04-12,56.0,2013-05-27,25,14
102622,2013-02-25,96.0,2013-03-01,96.0,2013-05-10,4,24
102659,,,,,,,
103913,,,,,,,
105052,2013-04-25,15.99,2013-05-26,15.99,2013-05-26,31,31
106701,2013-01-12,56.0,2013-01-13,185.0,2013-03-17,1,5
108928,2013-03-13,15.99,,,2013-03-13,,
119559,2013-01-23,399.0,2013-01-28,399.0,2013-05-31,5,5
122811,2013-01-14,96.0,2013-01-15,399.0,2013-03-29,1,24
124451,2013-01-13,96.0,2013-01-13,96.0,2013-05-31,0,5
127368,,,,,,,
127966,2013-01-09,185.0,2013-01-14,185.0,2013-04-23,5,20
128510,2013-04-01,30.0,,,2013-04-01,,
132855,2013-02-09,56.0,2013-02-11,96.0,2013-05-15,2,13
134172,2013-03-26,399.0,2013-04-14,399.0,2013-04-14,19,19
136545,,,,,,,
136831,2013-02-15,96.0,,,2013-02-15,,
142284,2013-01-08,15.99,2013-01-15,15.99,2013-03-31,7,4
152964,,,,,,,
153920,2013-01-30,56.0,2013-03-03,56.0,2013-03-03,32,32
161935,,,,,,,
167594,2013-01-22,96.0,2013-02-07,96.0,2013-05-21,16,17
169924,,,,,,,
171335,,,,,,,
178743,,,,,,,
179433,2013-05-31,15.99,,,2013-05-31,,
180200,2013-02-28,15.99,2013-02-28,15.99,2013-03-29,0,2
185553,,,,,,,
194976,,,,,,,
195334,,,,,,,
200369,,,,,,,
205885,2013-03-12,30.0,2013-03-19,30.0,2013-03-19,7,7
206861,,,,,,,
207717,2013-03-06,96.0,2013-03-11,96.0,2013-05-19,5,3
208564,2013-04-18,249.0,,,2013-04-18,,
213124,,,,,,,
222696,2013-02-18,399.0,2013-02-27,399.0,2013-02-27,9,9
224986,2013-03-11,15.99,2013-03-12,15.99,2013-04-11,1,6
225255,2013-02-27,15.99,2013-02-27,15.99,2013-04-07,0,4
231066,2013-02-18,15.99,2013-02-19,15.99,2013-05-30,1,4
237658,,,,,,,
239032,2013-02-01,96.0,2013-03-26,96.0,2013-05-17,53,52
239350,2013-03-20,399.0,2013-04-09,185.0,2013-05-11,20,17
239822,,,,,,,
240051,2013-01-16,30.0,2013-01-24,30.0,2013-03-08,8,1
240678,2013-04-11,56.0,2013-05-13,15.99,2013-05-13,32,32
248693,2013-03-26,96.0,2013-04-03,96.0,2013-05-08,8,4
251000,,,,,,,
252918,2013-02-19,15.99,,,2013-02-19,,
256393,2013-02-01,96.0,2013-03-07,96.0,2013-05-31,34,23
258468,2013-01-14,15.99,,,2013-01-14,,
265819,2013-04-18,15.99,2013-04-18,15.99,2013-04-20,0,1
270811,,,,,,,
271123,2013-02-05,249.0,,,2013-02-05,,
273230,2013-01-08,15.99,2013-01-11,15.99,2013-05-29,3,3
273828,2013-02-20,56.0,2013-02-21,56.0,2013-03-04,1,2
276121,2013-01-23,15.99,2013-03-08,96.0,2013-05-03,44,50
278574,,,,,,,
285023,2013-02-20,56.0,2013-03-03,56.0,2013-05-25,11,5
286486,2013-02-08,96.0,2013-03-19,96.0,2013-04-19,39,17
288186,2013-01-15,15.99,2013-02-07,15.99,2013-02-12,23,9
291541,2013-01-08,30.0,2013-01-11,30.0,2013-05-31,3,5
294558,2013-02-13,15.99,,,2013-02-13,,
294741,,,,,,,
294953,,,,,,,
296928,2013-02-22,15.99,,,2013-02-22,,
298096,2013-01-09,56.0,2013-01-10,56.0,2013-05-31,1,2
304585,2013-03-19,56.0,,,2013-03-19,,
311166,,,,,,,
311206,2013-01-15,96.0,2013-01-22,15.99,2013-04-09,7,7
313061,2013-01-09,15.99,2013-01-13,15.99,2013-02-03,4,2
316370,,,,,,,
317784,2013-04-29,399.0,,,2013-04-29,,
1324537,2013-03-13,399.0,2013-05-01,399.0,2013-05-24,49,36
1329177,2013-03-14,56.0,2013-03-14,56.0,2013-05-31,0,11
1330299,,,,,,,
1331593,,,,,,,
1338357,,,,,,,
1341205,,,,,,,
1343475,2013-03-30,96.0,2013-04-03,399.0,2013-05-06,4,12
1344368,2013-05-24,15.99,,,2013-05-24,,
1344494,2013-01-24,399.0,2013-02-11,399.0,2013-04-12,18,26
1348882,2013-03-22,96.0,,,2013-03-22,,
1354424,,,,,,,
1356084,,,,,,,
1356336,2013-04-05,399.0,,,2013-04-05,,
1357146,2013-01-11,15.99,2013-01-30,15.99,2013-02-10,19,15
1357727,,,,,,,
1358981,2013-02-10,96.0,,,2013-02-10,,
1360667,2013-01-13,96.0,2013-01-22,96.0,2013-05-27,9,13
1368802,2013-02-15,399.0,2013-03-29,399.0,2013-04-21,42,16
1378852,2013-01-25,30.0,2013-02-18,30.0,2013-02-18,24,24
1379516,,,,,,,
1381368,2013-01-14,15.99,2013-02-05,56.0,2013-04-11,22,43
1382058,2013-02-05,56.0,2013-02-18,56.0,2013-02-18,13,13
1383747,,,,,,,
1384202,2013-02-09,399.0,2013-05-15,399.0,2013-05-15,95,95
1390253,,,,,,,
1391836,2013-05-20,56.0,,,2013-05-20,,
1394816,2013-03-07,249.0,,,2013-03-07,,
1399771,,,,,,,
1401763,2013-02-16,30.0,2013-03-16,15.99,2013-04-21,28,21
1402204,,,,,,,
1406177,2013-01-16,96.0,,,2013-01-16,,
1407342,,,,,,,
1407468,2013-01-10,30.0,2013-03-03,15.99,2013-03-03,52,52
1407677,2013-01-09,15.99,2013-01-22,15.99,2013-05-07,13,6
1414109,,,,,,,
1414129,,,,,,,
1416585,2013-01-11,30.0,2013-01-13,15.99,2013-05-31,2,4
1421677,2013-03-25,56.0,,,2013-03-25,,
1426194,2013-02-10,30.0,2013-02-16,96.0,2013-05-18,6,8
1427216,,,,,,,
1427259,,,,,,,
1428281,2013-02-02,15.99,2013-02-02,15.99,2013-02-02,0,0
1435085,2013-01-30,15.99,2013-02-04,15.99,2013-05-31,5,4
1435168,2013-03-15,15.99,2013-03-15,15.99,2013-04-02,0,0
1435397,2013-01-13,185.0,2013-01-18,185.0,2013-01-18,5,5
1437495,2013-01-15,185.0,2013-02-13,249.0,2013-03-27,29,35
1440887,2013-03-29,56.0,2013-04-26,56.0,2013-04-26,28,28
1442453,2013-04-01,30.0,2013-04-09,15.99,2013-05-13,8,8
1445736,2013-02-26,56.0,2013-05-30,96.0,2013-05-30,93,93
1446990,,,,,,,
1447322,2013-03-24,249.0,2013-04-07,249.0,2013-05-26,14,21
1449297,2013-04-02,96.0,2013-04-28,96.0,2013-05-14,26,10
1453230,2013-02-24,15.99,2013-04-09,15.99,2013-05-28,44,23
1457993,2013-01-19,56.0,2013-02-02,56.0,2013-05-15,14,29
1458305,2013-01-09,96.0,,,2013-01-09,,
1458517,2013-02-26,399.0,,,2013-02-26,,
1460492,2013-01-29,15.99,2013-04-29,15.99,2013-05-17,90,54
1465590,2013-03-25,96.0,2013-04-10,96.0,2013-04-24,16,15
1465968,2013-01-07,399.0,2013-02-16,399.0,2013-03-30,40,41
1467319,2013-05-03,56.0,,,2013-05-03,,
1469360,2013-01-20,96.0,2013-01-20,56.0,2013-04-17,0,1
1471103,2013-01-15,399.0,2013-01-20,399.0,2013-05-03,5,10
1477724,2013-01-17,30.0,2013-01-21,30.0,2013-05-20,4,12
1478305,2013-01-12,399.0,2013-01-13,249.0,2013-01-20,1,4
1480970,2013-01-18,249.0,2013-04-11,399.0,2013-05-30,83,33
1483194,,,,,,,
1486294,2013-03-18,15.99,2013-03-18,15.99,2013-03-18,0,0
1491186,,,,,,,
1496599,2013-02-22,249.0,2013-05-18,249.0,2013-05-31,85,32
1499201,2013-01-09,30.0,2013-01-15,56.0,2013-05-23,6,6
1500074,,,,,,,
1502198,2013-03-13,249.0,,,2013-03-13,,
1502636,2013-02-04,30.0,2013-02-24,30.0,2013-05-19,20,10
1503363,2013-01-10,30.0,2013-01-10,30.0,2013-03-27,0,4
1504594,,,,,,,
1506778,2013-01-20,56.0,2013-01-21,56.0,2013-05-24,1,4
1511707,2013-01-16,56.0,2013-01-29,30.0,2013-03-27,13,23
1516367,2013-01-28,15.99,2013-01-28,15.99,2013-02-04,0,3
1532454,,,,,,,
1533307,2013-01-09,96.0,2013-01-10,96.0,2013-05-29,1,4
1537326,2013-01-13,15.99,2013-02-28,15.99,2013-04-07,46,28
1540821,,,,,,,
1540947,2013-02-01,30.0,2013-02-04,30.0,2013-04-28,3,2
1544462,2013-02-27,96.0,2013-03-04,56.0,2013-04-29,5,30
1545126,2013-02-05,15.99,2013-02-05,15.99,2013-05-08,0,46
1549603,2013-02-27,56.0,2013-03-08,96.0,2013-05-08,9,17
1554060,2013-04-11,30.0,2013-04-11,96.0,2013-04-16,0,1
1557034,,,,,,,
1558431,2013-04-14,15.99,2013-05-25,30.0,2013-05-25,41,41
1565713,2013-01-14,56.0,2013-01-15,56.0,2013-05-27,1,3
1565916,,,,,,,
1567980,2013-02-11,30.0,,,2013-02-11,,
1569626,2013-02-22,96.0,2013-05-30,96.0,2013-05-30,97,97
1572205,2013-01-27,96.0,2013-02-05,96.0,2013-05-28,9,60
1578176,2013-04-29,15.99,2013-04-30,15.99,2013-05-15,1,1
1579175,,,,,,,
1582736,2013-02-05,96.0,2013-02-09,96.0,2013-02-09,4,4
1584402,,,,,,,
1584900,2013-02-08,30.0,2013-02-20,30.0,2013-02-24,12,5
1585504,2013-04-29,56.0,2013-05-02,96.0,2013-05-20,3,10
1585859,2013-02-08,30.0,,,2013-02-08,,
1593788,2013-04-10,185.0,2013-04-27,185.0,2013-05-07,17,9
1596885,2013-02-12,399.0,,,2013-02-12,,
1596925,,,,,,,
1603795,,,,,,,
1604734,2013-02-07,185.0,,,2013-02-07,,
1605003,2013-01-17,249.0,2013-01-22,185.0,2013-05-04,5,2
1607058,2013-01-13,399.0,2013-01-28,30.0,2013-02-07,15,4
1607831,2013-03-25,30.0,2013-04-01,56.0,2013-05-02,7,12
1610702,,,,,,,
1611366,2013-02-16,56.0,2013-02-17,15.99,2013-04-08,1,1
1611518,2013-02-05,399.0,,,2013-02-05,,
1613865,2013-03-15,30.0,2013-03-16,30.0,2013-05-18,1,21
1614223,2013-01-03,399.0,2013-01-07,399.0,2013-04-01,4,2
1616407,2013-02-01,15.99,2013-02-04,30.0,2013-05-29,3,4
1619733,2013-01-17,15.99,2013-01-25,15.99,2013-02-25,8,13
1622418,,,,,,,
1629076,2013-02-19,56.0,2013-03-02,30.0,2013-03-02,11,11
1631034,2013-02-07,30.0,2013-02-11,30.0,2013-02-11,4,4
1640652,2013-01-17,399.0,2013-01-24,399.0,2013-05-23,7,14
1653613,,,,,,,
1655720,2013-01-13,15.99,2013-01-13,15.99,2013-05-31,0,3
1661983,,,,,,,
1664960,,,,,,,
1668704,2013-02-14,56.0,2013-02-26,96.0,2013-04-28,12,24
1670948,,,,,,,
1676072,2013-01-23,96.0,2013-03-14,399.0,2013-03-14,50,50
1678376,2013-01-18,399.0,2013-01-18,399.0,2013-01-25,0,3
1683288,2013-03-10,185.0,2013-03-11,185.0,2013-05-19,1,5
1685126,2013-04-12,96.0,,,2013-04-12,,
1685369,2013-03-15,30.0,,,2013-03-15,,
1686517,2013-02-04,15.99,2013-02-08,15.99,2013-02-08,4,1
1689385,2013-01-20,96.0,2013-02-17,399.0,2013-02-27,28,19
1691804,2013-04-21,399.0,2013-05-01,399.0,2013-05-01,10,10
1693845,2013-01-09,96.0,2013-01-23,96.0,2013-05-26,14,15
1702976,,,,,,,
1704021,,,,,,,
1708011,,,,,,,
1708137,,,,,,,
1717881,2013-02-05,96.0,,,2013-02-05,,
1721579,2013-04-10,399.0,,,2013-04-10,,
1724101,2013-04-12,249.0,,,2013-04-12,,
1726829,2013-04-02,15.99,2013-04-04,15.99,2013-04-04,2,2
1729073,2013-01-11,30.0,2013-02-09,30.0,2013-04-27,29,26
1730238,2013-04-19,15.99,,,2013-04-19,,
1734546,2013-02-08,185.0,2013-02-21,56.0,2013-04-29,13,4
1736839,2013-02-01,56.0,2013-02-01,96.0,2013-04-28,0,8
1738957,,,,,,,
1739083,2013-01-03,30.0,2013-01-03,30.0,2013-05-20,0,0
1747911,,,,,,,
1749906,,,,,,,
1749969,2013-02-12,399.0,2013-04-02,399.0,2013-04-02,49,49
1751323,2013-03-08,96.0,2013-03-18,96.0,2013-03-22,10,7
1763039,2013-02-06,96.0,2013-02-07,96.0,2013-05-18,1,25
1763497,2013-01-24,15.99,2013-02-23,15.99,2013-02-23,30,30
1772010,2013-01-13,30.0,2013-01-18,30.0,2013-04-30,5,15
1772107,2013-01-11,56.0,2013-01-22,56.0,2013-02-13,11,8
1773109,2013-01-10,399.0,,,2013-01-10,,
1774314,2013-01-15,96.0,2013-01-15,96.0,2013-05-28,0,2
1774629,2013-03-20,15.99,2013-03-22,15.99,2013-05-26,2,0
1776229,2013-04-09,30.0,2013-05-08,30.0,2013-05-08,29,29
1780666,,,,,,,
1782930,,,,,,,
1783577,,,,,,,
1783783,2013-04-27,56.0,2013-04-28,30.0,2013-05-01,1,1
1789428,2013-01-29,15.99,2013-02-03,15.99,2013-05-21,5,18
1794357,2013-02-07,15.99,2013-02-08,30.0,2013-05-23,1,35
1795608,,,,,,,
1798877,2013-03-21,96.0,,,2013-03-21,,
1809428,2013-05-31,399.0,,,2013-05-31,,
1815708,,,,,,,
1817480,2013-01-09,56.0,2013-01-11,56.0,2013-03-12,2,4
1817580,2013-01-09,15.99,2013-01-11,96.0,2013-05-30,2,12
1818479,,,,,,,
1821782,2013-01-13,399.0,2013-01-22,399.0,2013-05-21,9,9
1830341,2013-01-17,96.0,2013-01-17,96.0,2013-04-26,0,6
1830564,2013-03-08,56.0,2013-03-22,30.0,2013-05-22,14,15
1844759,2013-01-10,185.0,2013-01-15,96.0,2013-05-18,5,7
1844971,,,,,,,
1850398,,,,,,,
1852187,,,,,,,
1860185,2013-02-14,15.99,2013-02-27,15.99,2013-05-08,13,7
1865592,,,,,,,
1867175,2013-03-24,15.99,2013-04-02,15.99,2013-04-02,9,9
1871692,2013-02-16,15.99,2013-04-07,15.99,2013-05-30,50,25
1882827,2013-03-05,56.0,,,2013-03-05,,
1887109,2013-01-17,30.0,2013-01-29,30.0,2013-03-19,12,30
1890249,2013-02-24,56.0,2013-03-14,30.0,2013-05-23,18,5
1892067,,,,,,,
1895725,2013-04-12,96.0,,,2013-04-12,,
1897142,,,,,,,
1897912,2013-01-19,399.0,2013-02-17,399.0,2013-04-06,29,19
1899323,2013-01-17,15.99,2013-01-17,30.0,2013-05-20,0,4
1902051,,,,,,,
1904301,2013-01-19,15.99,2013-03-13,15.99,2013-03-13,53,53
1906044,,,,,,,
1906253,2013-02-10,399.0,2013-02-16,399.0,2013-05-21,6,25
1912685,2013-02-12,96.0,2013-02-27,96.0,2013-03-13,15,14
1912811,2013-01-28,15.99,2013-05-28,15.99,2013-05-28,120,120
1918802,,,,,,,
1921195,2013-04-27,15.99,2013-05-01,15.99,2013-05-31,4,6
1925171,2013-04-11,96.0,,,2013-04-11,,
1928603,2013-02-15,185.0,2013-02-21,185.0,2013-05-28,6,11
1934846,2013-03-26,56.0,,,2013-03-26,,
1937365,,,,,,,
1941464,2013-01-09,399.0,2013-01-15,399.0,2013-05-21,6,44
1941756,,,,,,,
1959300,2013-04-04,30.0,2013-04-04,15.99,2013-05-19,0,6
1966087,2013-01-24,56.0,2013-01-31,15.99,2013-05-31,7,2
1969081,2013-02-14,15.99,2013-02-17,15.99,2013-05-17,3,8
1969247,2013-02-24,249.0,2013-03-04,249.0,2013-04-18,8,17
1969831,2013-01-16,30.0,2013-01-26,96.0,2013-03-19,10,31
1974657,2013-01-24,96.0,2013-01-24,96.0,2013-04-30,0,3
1975865,,,,,,,
1976283,2013-05-08,399.0,,,2013-05-08,,
1979698,,,,,,,
1983422,,,,,,,
1983439,2013-01-18,56.0,2013-02-22,56.0,2013-02-22,35,35
1983465,2013-01-09,185.0,2013-01-28,185.0,2013-03-22,19,18
1984192,,,,,,,
1987166,,,,,,,
1993037,2013-02-03,1899.0,2013-02-15,1899.0,2013-04-29,12,28
1995682,2013-04-01,96.0,2013-04-17,30.0,2013-05-14,16,14
1999446,2013-01-17,56.0,2013-03-13,30.0,2013-03-13,55,55
2000379,,,,,,,
2003734,,,,,,,
2003923,,,,,,,
2010166,,,,,,,
2010392,,,,,,,
2015410,2013-01-20,96.0,2013-01-20,399.0,2013-04-16,0,2
2016260,2013-01-29,1899.0,,,2013-01-29,,
2016280,,,,,,,
2016512,,,,,,,
2020525,2013-01-09,30.0,2013-01-17,30.0,2013-02-22,8,11
2020634,2013-01-21,30.0,2013-02-03,30.0,2013-05-24,13,8
2021155,2013-01-07,30.0,,,2013-01-07,,
2021278,,,,,,,
2022277,,,,,,,
2023605,2013-01-13,56.0,2013-01-20,96.0,2013-05-30,7,3
2034886,,,,,,,
2041086,2013-03-14,249.0,2013-03-21,249.0,2013-03-21,7,7
2047246,2013-01-02,30.0,2013-02-02,96.0,2013-02-13,31,21
2055238,2013-03-27,15.99,2013-03-27,15.99,2013-05-15,0,0
2055490,,,,,,,
2055633,2013-01-26,96.0,,,2013-01-26,,
2055696,2013-03-15,56.0,2013-04-07,56.0,2013-04-07,23,23
2056841,2013-05-02,399.0,,,2013-05-02,,
2062314,2013-01-09,56.0,2013-01-16,30.0,2013-02-06,7,4
2064020,2013-01-03,15.99,2013-01-03,15.99,2013-05-27,0,3
2066453,2013-02-16,56.0,2013-03-02,96.0,2013-04-17,14,12
2068431,,,,,,,
2068560,2013-05-17,96.0,2013-05-20,96.0,2013-05-27,3,5
2069078,2013-03-06,15.99,,,2013-03-06,,
2070240,2013-04-17,96.0,2013-04-18,96.0,2013-05-24,1,6
2071537,,,,,,,
2073509,2013-02-07,399.0,2013-03-15,96.0,2013-03-19,36,10
2077694,,,,,,,
2082666,2013-01-13,30.0,2013-01-13,30.0,2013-05-17,0,12
2084830,2013-01-01,30.0,2013-01-01,15.99,2013-04-11,0,12
2085603,,,,,,,
2088142,2013-01-22,56.0,2013-01-28,96.0,2013-01-28,6,6
2092968,,,,,,,
2094133,2013-01-19,15.99,2013-02-01,30.0,2013-05-06,13,15
2094342,2013-02-15,96.0,2013-03-30,249.0,2013-05-26,43,50
2099964,2013-02-22,30.0,2013-02-22,30.0,2013-02-22,0,0
2100313,,,,,,,
2102726,,,,,,,
2104269,,,,,,,
2118209,,,,,,,
2123519,,,,,,,
2128162,2013-02-07,15.99,2013-02-08,15.99,2013-02-08,1,0
2131488,2013-02-08,56.0,2013-03-06,56.0,2013-05-14,26,7
2134717,,,,,,,
2136569,2013-01-12,185.0,2013-03-20,185.0,2013-05-25,67,33
2140061,,,,,,,
2141833,2013-01-23,96.0,2013-02-02,96.0,2013-05-27,10,5
2150280,2013-01-09,96.0,2013-01-09,249.0,2013-05-28,0,1
2157499,2013-03-01,56.0,2013-04-17,56.0,2013-04-17,47,47
2159978,2013-01-03,399.0,2013-01-27,399.0,2013-03-15,24,35
2160373,2013-02-02,96.0,2013-05-29,15.99,2013-05-29,116,116
2163307,,,,,,,
2168136,2013-03-01,30.0,2013-03-01,30.0,2013-03-06,0,0
2171093,2013-02-02,399.0,2013-03-30,399.0,2013-05-17,56,34
2171199,2013-01-11,96.0,2013-01-13,96.0,2013-05-07,2,3
2173758,2013-03-14,30.0,2013-05-22,56.0,2013-05-25,69,36
2175816,,,,,,,
2176520,2013-02-18,96.0,2013-02-18,96.0,2013-05-13,0,28
2178415,2013-03-03,96.0,,,2013-03-03,,
2181292,2013-01-08,15.99,2013-01-16,15.99,2013-05-27,8,11
2183702,2013-01-29,15.99,2013-01-29,15.99,2013-05-30,0,3
2183742,2013-02-09,15.99,2013-02-09,15.99,2013-03-24,0,0
2183911,2013-01-19,56.0,2013-01-19,56.0,2013-05-27,0,8
2184392,2013-03-03,56.0,2013-03-03,30.0,2013-05-16,0,4
2189361,,,,,,,
2190174,2013-01-21,56.0,2013-01-21,56.0,2013-01-22,0,0
2191259,,,,,,,
2198312,,,,,,,
2203304,2013-01-25,96.0,2013-01-25,96.0,2013-01-25,0,0
2204140,2013-01-15,15.99,2013-05-23,15.99,2013-05-26,128,65
2204744,2013-01-02,185.0,2013-01-04,185.0,2013-01-13,2,2
2207383,2013-02-08,399.0,2013-04-06,399.0,2013-04-06,57,57
2220161,2013-01-16,96.0,,,2013-01-16,,
2220811,2013-02-02,96.0,2013-02-02,56.0,2013-05-19,0,26
2232026,,,,,,,
2238584,2013-01-11,15.99,2013-01-13,15.99,2013-05-31,2,2
2240058,,,,,,,
2245491,2013-01-07,96.0,2013-01-24,96.0,2013-04-09,17,11
2247741,2013-01-07,15.99,2013-01-10,56.0,2013-04-29,3,7
2249773,2013-02-01,96.0,2013-02-06,96.0,2013-05-23,5,6
2249779,2013-01-10,399.0,2013-05-20,399.0,2013-05-20,130,130
2252587,,,,,,,
2254333,2013-01-11,96.0,2013-01-23,96.0,2013-05-23,12,8
2257848,2013-01-09,399.0,2013-01-18,399.0,2013-03-01,9,12
2258521,2013-01-09,15.99,,,2013-01-09,,
2263805,,,,,,,
2264552,2013-01-28,56.0,2013-01-30,56.0,2013-01-30,2,2
2269902,2013-04-03,56.0,2013-04-03,56.0,2013-04-03,0,0
2271253,,,,,,,
2273457,2013-03-20,96.0,,,2013-03-20,,
2278475,2013-01-15,15.99,2013-01-21,15.99,2013-03-16,6,30
2282969,2013-02-18,399.0,2013-02-23,399.0,2013-05-25,5,12
2284177,2013-04-14,96.0,2013-04-16,399.0,2013-04-16,2,2
2286899,,,,,,,
2290689,2013-05-27,15.99,2013-05-27,15.99,2013-05-29,0,0
2293892,2013-01-24,15.99,2013-01-24,15.99,2013-04-02,0,2
2295269,2013-01-23,96.0,2013-01-23,96.0,2013-04-01,0,4
2297187,2013-01-09,96.0,2013-01-15,96.0,2013-05-15,6,9
2302139,,,,,,,
2303132,2013-01-10,15.99,2013-01-15,15.99,2013-05-25,5,1
2303384,2013-01-11,399.0,2013-01-17,399.0,2013-05-26,6,22
2303616,2013-02-02,56.0,2013-02-02,56.0,2013-02-02,0,0
2307380,2013-05-06,30.0,,,2013-05-06,,
2310961,,,,,,,
2312335,2013-04-04,56.0,2013-04-07,56.0,2013-04-07,3,3
2314768,2013-01-31,56.0,2013-04-20,15.99,2013-04-20,79,79
2314937,2013-02-08,96.0,2013-04-22,56.0,2013-05-24,73,9
2322594,2013-01-16,30.0,2013-01-17,15.99,2013-05-31,1,3
2323533,2013-01-13,30.0,2013-01-13,30.0,2013-02-28,0,1
2327214,2013-01-29,56.0,2013-01-31,56.0,2013-05-30,2,2
2335166,2013-04-19,399.0,2013-05-27,96.0,2013-05-27,38,38
2340636,2013-04-22,399.0,2013-05-02,399.0,2013-05-13,10,7
2340925,2013-01-23,399.0,2013-01-26,399.0,2013-05-18,3,19
2341798,2013-03-30,15.99,2013-03-30,15.99,2013-05-02,0,1
2346464,2013-03-24,96.0,,,2013-03-24,,
2347526,2013-01-31,56.0,2013-02-07,56.0,2013-02-19,7,9
2353597,2013-01-30,96.0,2013-04-05,96.0,2013-05-31,65,30
2354519,2013-03-10,185.0,2013-03-27,185.0,2013-05-10,17,10
2360387,2013-01-11,15.99,2013-02-02,15.99,2013-02-02,22,22
2365027,2013-03-23,96.0,2013-04-25,96.0,2013-04-25,33,33
2367457,2013-01-24,96.0,2013-01-30,96.0,2013-05-30,6,10
2370746,2013-01-08,56.0,2013-01-21,56.0,2013-05-08,13,40
2371061,2013-04-14,96.0,2013-04-14,96.0,2013-05-28,0,1
2376205,2013-02-27,15.99,2013-03-01,15.99,2013-04-23,2,27
2379465,2013-01-02,15.99,2013-01-02,15.99,2013-05-30,0,6
2389690,2013-01-29,185.0,2013-01-29,96.0,2013-02-08,0,5
2392687,2013-05-10,30.0,,,2013-05-10,,
2392999,,,,,,,
2405416,2013-01-17,399.0,,,2013-01-17,,
2406315,2013-01-23,15.99,2013-02-18,56.0,2013-02-18,26,26
2407354,2013-01-15,56.0,2013-01-15,30.0,2013-05-22,0,2
2412850,,,,,,,
2421592,,,,,,,
2424500,2013-01-15,30.0,2013-01-30,15.99,2013-02-14,15,2
2425127,2013-04-20,96.0,,,2013-04-20,,
2429143,2013-02-23,399.0,2013-03-20,399.0,2013-03-20,25,25
2431808,2013-01-19,30.0,2013-01-19,30.0,2013-05-27,0,1
2432120,2013-01-26,96.0,,,2013-01-26,,
2434158,,,,,,,
2438426,,,,,,,
2440172,,,,,,,
2443215,,,,,,,
2443355,2013-03-05,56.0,2013-03-07,185.0,2013-05-17,2,6
2454533,2013-01-11,96.0,2013-01-15,96.0,2013-05-14,4,12
2468390,,,,,,,
2472286,2013-03-30,56.0,2013-03-30,30.0,2013-03-30,0,0
2473365,2013-04-19,56.0,,,2013-04-19,,
2474556,2013-03-17,399.0,,,2013-03-17,,
2480859,2013-01-11,30.0,2013-01-26,30.0,2013-05-26,15,10
2484520,2013-01-18,15.99,,,2013-01-18,,
2488433,,,,,,,
2488596,,,,,,,
2494819,,,,,,,
2495615,2013-01-11,56.0,2013-01-15,56.0,2013-03-18,4,6
2498423,2013-01-19,15.99,2013-01-19,15.99,2013-02-24,0,7
2503143,,,,,,,
2503690,,,,,,,
2508868,2013-01-11,56.0,2013-01-11,56.0,2013-05-31,0,0
2517633,,,,,,,
2526349,2013-05-22,399.0,,,2013-05-22,,
2527265,2013-04-13,30.0,,,2013-04-13,,
2530056,,,,,,,
2532967,,,,,,,
2545536,2013-01-25,399.0,2013-03-08,249.0,2013-05-18,42,9
2550763,2013-01-10,30.0,2013-01-15,30.0,2013-04-04,5,8
2555878,2013-04-11,15.99,2013-04-11,15.99,2013-05-30,0,3
2556462,2013-02-21,56.0,2013-05-21,56.0,2013-05-21,89,89
2557816,2013-02-26,30.0,,,2013-02-26,,
2558858,2013-01-15,56.0,2013-01-16,56.0,2013-05-27,1,2
2563747,2013-01-13,56.0,2013-01-19,56.0,2013-03-16,6,10
2564477,2013-04-05,15.99,,,2013-04-05,,
2566538,2013-01-16,399.0,2013-01-17,399.0,2013-05-30,1,7
2570906,2013-01-10,30.0,2013-01-21,15.99,2013-02-07,11,14
2572798,2013-01-01,15.99,2013-01-01,15.99,2013-05-30,0,0
2574341,,,,,,,
2575423,2013-02-19,30.0,2013-03-07,30.0,2013-03-31,16,4
2577086,2013-02-25,249.0,2013-05-23,249.0,2013-05-23,87,87
2581786,2013-02-21,15.99,2013-02-21,15.99,2013-05-29,0,6
2586240,2013-02-27,56.0,2013-03-13,56.0,2013-03-20,14,10
2586578,2013-03-10,399.0,,,2013-03-10,,
2595085,,,,,,,
2601225,2013-02-27,30.0,2013-03-04,15.99,2013-03-10,5,5
2606306,2013-02-14,56.0,2013-02-21,15.99,2013-02-21,7,7
2609260,2013-04-07,15.99,2013-04-24,15.99,2013-04-24,17,8
2609340,2013-02-10,399.0,,,2013-02-10,,
2622559,2013-01-22,15.99,2013-01-23,15.99,2013-04-15,1,4
2672374,2013-02-25,399.0,,,2013-02-25,,
2681345,2013-05-17,399.0,,,2013-05-17,,
2690210,,,,,,,
2691959,2013-04-01,96.0,,,2013-04-01,,
2693565,2013-01-09,96.0,2013-01-19,96.0,2013-05-24,10,10
2693997,2013-01-23,15.99,2013-02-03,30.0,2013-04-16,11,9
2694538,2013-04-08,96.0,2013-04-20,96.0,2013-05-29,12,12
2698142,2013-01-19,56.0,2013-01-19,56.0,2013-05-16,0,39
2703406,2013-01-28,96.0,2013-02-25,96.0,2013-04-14,28,25
2709317,2013-05-17,56.0,2013-05-17,56.0,2013-05-22,0,0
2710777,2013-01-09,249.0,2013-02-15,249.0,2013-02-15,37,37
2726924,2013-03-01,56.0,2013-03-03,56.0,2013-03-09,2,4
2727316,,,,,,,
2741909,,,,,,,
2753353,,,,,,,
2753702,2013-03-24,30.0,,,2013-03-24,,
2777472,2013-03-14,96.0,,,2013-03-14,,
2795454,2013-04-06,15.99,,,2013-04-06,,
2807230,2013-01-09,15.99,2013-01-09,30.0,2013-03-01,0,10
2817389,,,,,,,
2818385,2013-01-14,185.0,2013-03-15,185.0,2013-05-26,60,22
2832763,2013-02-23,30.0,2013-03-01,96.0,2013-05-11,6,11
2834807,2013-03-23,399.0,,,2013-03-23,,
2843214,2013-02-20,15.99,,,2013-02-20,,
2859172,2013-04-28,30.0,2013-04-28,30.0,2013-05-31,0,3
3002037,2013-01-22,56.0,2013-02-07,30.0,2013-05-13,16,5
3006225,2013-02-28,96.0,2013-05-03,399.0,2013-05-03,64,64
3007931,,,,,,,
3012216,2013-01-28,30.0,,,2013-01-28,,
3015319,,,,,,,
3018871,2013-01-27,185.0,2013-02-16,399.0,2013-03-22,20,18
3022561,,,,,,,
3054672,,,,,,,
3054775,2013-04-20,30.0,2013-04-20,56.0,2013-04-20,0,0
3057789,2013-02-26,56.0,2013-02-27,56.0,2013-04-08,1,2
3058416,,,,,,,
3059827,2013-03-02,56.0,2013-03-02,56.0,2013-05-20,0,4
3061619,2013-02-07,56.0,,,2013-02-07,,
3064078,2013-01-01,56.0,2013-01-13,56.0,2013-05-26,12,6
3081407,,,,,,,
3083036,2013-02-01,30.0,2013-02-13,15.99,2013-02-13,12,12
3087796,2013-01-01,249.0,2013-01-12,249.0,2013-05-29,11,4
3091812,2013-02-24,399.0,2013-03-25,399.0,2013-04-05,29,20
3094311,2013-01-08,30.0,2013-01-08,30.0,2013-03-02,0,3
3094815,2013-02-22,96.0,2013-02-25,96.0,2013-05-20,3,7
3099784,2013-04-02,30.0,,,2013-04-02,,
3100726,2013-01-30,30.0,2013-03-14,96.0,2013-03-14,43,43
3204607,2013-05-17,96.0,,,2013-05-17,,
3212891,,,,,,,
3214288,2013-05-18,399.0,2013-05-24,399.0,2013-05-24,6,6
3215121,2013-01-31,249.0,2013-02-09,249.0,2013-05-07,9,16
3222028,,,,,,,
3229980,2013-01-18,96.0,,,2013-01-18,,
3233578,,,,,,,
3236807,2013-02-10,399.0,,,2013-02-10,,
3238842,2013-03-22,96.0,2013-04-11,15.99,2013-04-11,20,20
3250160,2013-02-12,96.0,2013-03-25,96.0,2013-03-29,41,22
3254995,2013-01-08,15.99,2013-01-08,30.0,2013-03-19,0,0
3256529,2013-02-26,399.0,2013-03-02,399.0,2013-04-19,4,4
3277823,2013-01-11,56.0,2013-01-11,15.99,2013-05-28,0,1
3300880,2013-04-06,15.99,2013-04-06,15.99,2013-05-27,0,10
3301089,,,,,,,
3313824,2013-03-27,15.99,2013-04-10,15.99,2013-05-14,14,12
3318238,2013-01-15,15.99,2013-01-17,15.99,2013-04-28,2,1
3323336,2013-02-08,96.0,2013-02-20,96.0,2013-05-23,12,10
3324707,,,,,,,
3335799,2013-01-20,15.99,2013-02-09,15.99,2013-02-09,20,20
3336878,2013-01-03,15.99,,,2013-01-03,,
3339818,2013-03-18,399.0,2013-03-22,399.0,2013-05-13,4,8
3345208,2013-02-15,15.99,2013-02-15,15.99,2013-05-30,0,1
3345769,2013-01-03,15.99,2013-01-08,15.99,2013-05-29,5,2
3349244,2013-05-03,15.99,2013-05-03,15.99,2013-05-07,0,1
3351826,2013-02-12,185.0,2013-04-06,96.0,2013-04-06,53,53
3353363,2013-02-21,249.0,2013-03-05,249.0,2013-03-29,12,12
3354133,,,,,,,
3363771,2013-01-14,249.0,2013-03-08,185.0,2013-05-28,53,7
3363851,2013-03-05,96.0,2013-03-14,96.0,2013-04-02,9,5
3369304,,,,,,,
3388405,2013-01-26,15.99,2013-01-27,30.0,2013-05-31,1,8
3390280,2013-01-25,56.0,2013-02-06,15.99,2013-02-10,12,4
3391674,2013-04-26,249.0,,,2013-04-26,,
3395647,2013-02-01,96.0,2013-02-01,185.0,2013-05-30,0,2
3397110,2013-02-14,56.0,2013-04-07,15.99,2013-04-07,52,52
3398707,2013-01-23,30.0,2013-01-23,30.0,2013-05-19,0,1
3399397,,,,,,,
3399955,2013-01-23,249.0,2013-01-26,249.0,2013-05-27,3,3
3401687,2013-04-13,15.99,2013-04-22,15.99,2013-04-22,9,4
3407867,2013-05-27,56.0,,,2013-05-27,,
3408697,2013-01-24,96.0,2013-01-24,96.0,2013-05-03,0,14
3418461,,,,,,,
3430844,2013-01-09,96.0,2013-02-14,96.0,2013-05-02,36,37
3438856,2013-04-01,30.0,2013-04-06,30.0,2013-05-27,5,4
3448236,2013-04-08,96.0,,,2013-04-08,,
3448305,2013-04-29,15.99,2013-04-29,15.99,2013-05-26,0,1
3450469,2013-01-16,96.0,2013-01-24,96.0,2013-04-12,8,7
3452275,2013-01-01,30.0,2013-01-01,30.0,2013-05-31,0,0
3454001,,,,,,,
3460061,2013-01-29,399.0,2013-02-05,399.0,2013-05-31,7,8
3463015,2013-01-07,15.99,2013-05-19,15.99,2013-05-19,132,132
3464950,2013-01-16,30.0,2013-01-16,30.0,2013-05-30,0,1
3468136,,,,,,,
3473938,2013-01-08,30.0,2013-01-09,30.0,2013-05-30,1,0
3489172,2013-01-11,30.0,2013-01-14,30.0,2013-01-16,3,2
3495830,2013-01-23,96.0,2013-01-30,96.0,2013-05-22,7,39
3497496,2013-01-17,96.0,2013-02-06,96.0,2013-05-17,20,8
3498727,2013-01-08,399.0,2013-01-10,399.0,2013-05-30,2,3
3500951,2013-01-18,56.0,2013-02-15,15.99,2013-05-14,28,5
3504861,2013-02-08,399.0,2013-02-10,399.0,2013-05-29,2,5
3507177,2013-01-01,185.0,2013-01-03,185.0,2013-05-20,2,5
3509484,,,,,,,
3512149,2013-01-14,15.99,,,2013-01-14,,
3518707,,,,,,,
3523218,2013-04-02,15.99,2013-04-04,15.99,2013-04-04,2,2
3526550,2013-01-29,30.0,2013-05-23,56.0,2013-05-31,114,8
3528883,2013-01-31,56.0,2013-01-31,96.0,2013-02-02,0,0
3535956,,,,,,,
3537765,,,,,,,
3555349,2013-01-16,96.0,2013-01-27,96.0,2013-04-14,11,8
3572063,2013-01-17,30.0,,,2013-01-17,,
3579156,,,,,,,
3580931,2013-01-10,56.0,2013-01-16,15.99,2013-05-26,6,3
3582883,2013-03-15,56.0,,,2013-03-15,,
3587294,2013-05-26,15.99,2013-05-26,15.99,2013-05-26,0,0
3596368,2013-02-01,30.0,,,2013-02-01,,
3602339,2013-01-01,15.99,2013-01-01,15.99,2013-01-01,0,0
3604028,,,,,,,
3606647,,,,,,,
3609979,2013-01-11,249.0,2013-05-14,399.0,2013-05-31,123,70
3613992,2013-01-30,30.0,2013-01-30,30.0,2013-05-17,0,15
3614144,,,,,,,
3621838,2013-04-24,15.99,2013-04-30,15.99,2013-04-30,6,6
3626504,2013-01-14,30.0,2013-01-20,30.0,2013-05-28,6,6
3631625,2013-03-06,96.0,2013-03-30,56.0,2013-05-25,24,40
3632389,2013-01-04,30.0,2013-01-18,30.0,2013-05-28,14,7
3634373,,,,,,,
3635163,,,,,,,
3642986,2013-02-05,1899.0,2013-02-24,1899.0,2013-03-25,19,24
3648711,2013-05-18,96.0,2013-05-20,96.0,2013-05-20,2,2
3652352,2013-04-04,30.0,2013-04-07,30.0,2013-04-22,3,1
3654908,2013-02-15,56.0,2013-04-06,56.0,2013-05-30,50,2
3666315,2013-02-13,399.0,2013-03-21,399.0,2013-04-04,36,25
3671622,,,,,,,
3689787,2013-01-08,56.0,2013-01-08,56.0,2013-03-30,0,6
3692469,2013-01-18,56.0,2013-02-05,56.0,2013-05-30,18,4
3693033,2013-03-22,249.0,2013-04-05,249.0,2013-04-29,14,9
3694035,2013-01-17,96.0,2013-01-17,96.0,2013-02-25,0,4
3696196,2013-01-18,185.0,2013-01-19,185.0,2013-02-01,1,3
3696405,,,,,,,
3699880,2013-03-25,30.0,2013-03-25,30.0,2013-04-05,0,0
3708207,,,,,,,
3713680,,,,,,,
3717238,2013-05-10,15.99,2013-05-10,15.99,2013-05-13,0,0
3724709,2013-02-11,15.99,2013-02-14,399.0,2013-03-07,3,8
3728204,2013-02-15,30.0,2013-03-15,15.99,2013-05-22,28,19
3729017,2013-02-28,56.0,2013-03-02,249.0,2013-03-19,2,3
3733597,,,,,,,
3735741,2013-02-03,96.0,,,2013-02-03,,
3736969,,,,,,,
3741543,2013-04-05,30.0,2013-04-05,30.0,2013-05-25,0,3
3741984,2013-05-21,30.0,,,2013-05-21,,
3742459,2013-01-03,30.0,2013-01-28,56.0,2013-02-01,25,14
3747683,,,,,,,
3751862,2013-03-13,185.0,2013-03-14,185.0,2013-05-19,1,16
3753076,2013-01-20,96.0,2013-01-26,96.0,2013-04-23,6,5
3758503,2013-04-09,15.99,2013-04-09,15.99,2013-04-11,0,0
3763186,2013-01-10,15.99,2013-01-15,30.0,2013-05-27,5,2
3767534,2013-01-01,56.0,2013-01-26,56.0,2013-03-02,25,12
3782456,,,,,,,
3785911,,,,,,,
3787331,2013-02-05,56.0,2013-02-10,15.99,2013-02-24,5,2
3788911,2013-03-15,96.0,2013-03-15,96.0,2013-03-15,0,0
3809555,2013-02-03,15.99,2013-02-05,15.99,2013-03-14,2,5
3813608,,,,,,,
3815234,2013-04-04,15.99,,,2013-04-04,,
3818068,2013-01-21,56.0,2013-02-10,56.0,2013-05-24,20,7
3819210,2013-02-11,56.0,2013-02-16,56.0,2013-05-31,5,6
3826303,,,,,,,
3845118,,,,,,,
3846409,,,,,,,
3846595,2013-01-27,399.0,2013-02-14,399.0,2013-03-03,18,17
3847322,,,,,,,
3879187,2013-01-10,15.99,2013-01-10,15.99,2013-04-22,0,4
3885951,2013-04-29,56.0,,,2013-04-29,,
3891129,,,,,,,
3893210,2013-01-13,30.0,2013-01-16,30.0,2013-01-16,3,3
3905198,2013-01-14,96.0,2013-01-24,96.0,2013-02-12,10,9
3914352,2013-01-13,15.99,2013-01-13,15.99,2013-05-04,0,4
3937979,,,,,,,
3938723,2013-01-26,56.0,2013-01-27,56.0,2013-03-14,1,2
3939038,2013-03-23,399.0,,,2013-03-23,,
3940452,,,,,,,
3955623,2013-05-01,96.0,,,2013-05-01,,
3967296,2013-01-12,96.0,2013-01-13,96.0,2013-05-24,1,4
3969214,2013-01-24,96.0,2013-02-08,96.0,2013-04-26,15,15
3970147,2013-01-02,30.0,2013-01-03,56.0,2013-05-13,1,5
3970734,2013-01-03,56.0,2013-01-03,249.0,2013-02-08,0,7
3979261,2013-01-28,96.0,2013-01-31,56.0,2013-05-20,3,14
3981551,2013-01-11,30.0,2013-01-24,30.0,2013-04-01,13,16
3997289,2013-01-01,15.99,2013-01-02,15.99,2013-05-27,1,0
4004571,2013-02-22,96.0,2013-04-09,96.0,2013-04-09,46,46
4006652,2013-05-23,30.0,,,2013-05-23,,
4007814,2013-01-03,96.0,2013-01-08,15.99,2013-05-31,5,3
4011830,2013-02-01,56.0,2013-02-22,30.0,2013-03-12,21,5
4011939,2013-01-08,1899.0,2013-04-17,399.0,2013-04-17,99,99
4014014,,,,,,,
4014097,2013-03-06,399.0,2013-03-15,399.0,2013-04-22,9,15
4015139,2013-01-08,399.0,2013-01-09,399.0,2013-05-30,1,7
4018182,2013-02-23,30.0,2013-04-20,185.0,2013-04-20,56,56
4018365,2013-02-18,249.0,,,2013-02-18,,
4024940,2013-02-13,399.0,2013-03-27,399.0,2013-04-30,42,38
4027917,2013-03-04,56.0,2013-03-06,56.0,2013-04-24,2,5
4031166,2013-01-04,399.0,2013-01-23,399.0,2013-04-19,19,13
4034658,2013-01-24,15.99,2013-01-24,15.99,2013-02-18,0,0
4037134,2013-01-09,30.0,2013-01-19,15.99,2013-05-15,10,7
4038740,2013-01-26,30.0,2013-01-26,30.0,2013-04-05,0,0
4042776,,,,,,,
4048378,2013-02-12,399.0,2013-02-20,399.0,2013-04-12,8,11
4048667,2013-02-28,30.0,,,2013-02-28,,
4049397,2013-03-14,96.0,2013-04-02,249.0,2013-04-02,19,19
4055471,,,,,,,
4058966,2013-01-06,15.99,2013-01-06,15.99,2013-05-31,0,1
4060303,2013-01-04,185.0,2013-01-31,96.0,2013-05-17,27,5
4068690,2013-04-01,1899.0,2013-04-01,399.0,2013-05-04,0,16
4078700,,,,,,,
4081940,,,,,,,
4083958,,,,,,,
4084250,2013-05-06,15.99,,,2013-05-06,,
4092494,2013-01-16,185.0,2013-01-17,185.0,2013-02-28,1,2
4111120,2013-02-28,56.0,2013-03-03,96.0,2013-05-14,3,4
4119587,2013-01-11,15.99,2013-01-15,15.99,2013-05-26,4,1
4120214,2013-02-19,30.0,2013-02-25,30.0,2013-02-25,6,6
4121359,,,,,,,
4125309,,,,,,,
4128744,2013-04-18,96.0,,,2013-04-18,,
4140961,,,,,,,
4141293,,,,,,,
4144977,2013-01-30,56.0,2013-02-07,56.0,2013-03-05,8,8
4150868,,,,,,,
4154818,2013-02-01,96.0,2013-02-04,96.0,2013-04-09,3,4
4167499,,,,,,,
4169949,2013-01-10,399.0,2013-01-19,399.0,2013-05-18,9,14
4173862,2013-02-14,30.0,2013-03-25,30.0,2013-05-17,39,18
4179444,2013-01-25,56.0,2013-01-31,96.0,2013-05-26,6,7
4179776,2013-01-08,15.99,2013-01-08,15.99,2013-04-29,0,4
4212345,,,,,,,
4224121,,,,,,,
4228655,2013-02-08,399.0,2013-03-21,399.0,2013-03-21,41,41
4228887,,,,,,,
4232302,2013-03-13,30.0,,,2013-03-13,,
4235588,,,,,,,
4235694,2013-02-27,96.0,,,2013-02-27,,
4237998,2013-01-03,30.0,2013-01-30,30.0,2013-03-28,27,10
4240457,,,,,,,
4242604,,,,,,,
4244679,2013-03-12,30.0,2013-03-12,30.0,2013-05-29,0,4
4247364,2013-01-11,56.0,2013-01-19,96.0,2013-05-17,8,25
4249010,2013-01-06,15.99,2013-01-09,15.99,2013-02-05,3,7
4257503,,,,,,,
4262681,2013-01-24,15.99,2013-01-25,15.99,2013-05-29,1,25
4269408,2013-01-11,15.99,2013-01-13,96.0,2013-04-25,2,11
4272113,,,,,,,
4275917,,,,,,,
4276899,,,,,,,
4281015,2013-01-30,15.99,2013-02-14,15.99,2013-02-14,15,15
4282206,2013-01-11,15.99,2013-01-11,15.99,2013-05-18,0,2
4288220,2013-04-02,15.99,2013-04-02,15.99,2013-04-02,0,0
4296143,2013-01-02,249.0,2013-01-19,185.0,2013-05-27,17,6
4297978,2013-01-14,399.0,2013-01-23,399.0,2013-05-30,9,5
4304928,2013-01-27,15.99,2013-05-19,15.99,2013-05-19,112,56
4314772,,,,,,,
4336289,2013-02-01,96.0,2013-03-03,96.0,2013-04-11,30,34
4340477,,,,,,,
4361533,,,,,,,
4371755,2013-01-17,56.0,2013-03-14,30.0,2013-05-13,56,23
4387029,2013-01-10,15.99,2013-01-10,56.0,2013-05-29,0,8
4400514,2013-02-07,96.0,2013-02-14,96.0,2013-05-31,7,4
4405280,2013-02-05,399.0,2013-02-23,399.0,2013-04-06,18,20
4405818,,,,,,,
4410189,,,,,,,
4413272,2013-02-13,15.99,2013-03-14,15.99,2013-05-31,29,26
4419927,2013-04-10,96.0,,,2013-04-10,,
4421988,2013-01-10,96.0,2013-01-12,185.0,2013-01-12,2,2
4438550,,,,,,,
4441716,,,,,,,
4453077,,,,,,,
4467567,2013-03-23,56.0,,,2013-03-23,,
4477806,,,,,,,
4495785,2013-04-08,15.99,2013-04-08,15.99,2013-04-10,0,0
4496160,2013-02-16,399.0,,,2013-02-16,,
4501301,2013-02-02,56.0,2013-02-02,15.99,2013-03-15,0,2
4515928,2013-01-03,15.99,2013-01-14,15.99,2013-04-27,11,12
4518819,,,,,,,
4524249,,,,,,,
4542317,,,,,,,
4549081,2013-01-04,96.0,2013-01-08,96.0,2013-05-26,4,17
4553051,2013-03-29,30.0,2013-03-31,30.0,2013-04-24,2,8
4558819,2013-01-22,30.0,2013-01-22,96.0,2013-05-27,0,1
4564272,2013-01-24,249.0,2013-02-01,96.0,2013-02-20,8,5
4575069,,,,,,,
4613220,,,,,,,
4616652,2013-01-22,96.0,2013-01-31,96.0,2013-04-15,9,13
4616841,,,,,,,
4617087,,,,,,,
4622208,2013-03-22,56.0,2013-03-31,56.0,2013-04-11,9,5
4638272,,,,,,,
4638338,2013-01-22,15.99,2013-01-22,96.0,2013-04-18,0,3
4673712,,,,,,,
4682388,2013-01-24,96.0,2013-04-05,185.0,2013-04-05,71,71
4685683,2013-02-08,30.0,2013-02-27,30.0,2013-05-31,19,1
4686865,2013-02-09,15.99,2013-02-12,96.0,2013-02-21,3,6
4713918,2013-03-14,96.0,,,2013-03-14,,
4738249,2013-03-28,56.0,2013-03-28,30.0,2013-05-23,0,2
4761850,,,,,,,
4769338,2013-02-03,30.0,2013-02-04,56.0,2013-02-07,1,0
4773191,2013-02-11,96.0,,,2013-02-11,,
4783633,2013-05-08,185.0,2013-05-09,185.0,2013-05-13,1,1
4783822,2013-02-25,96.0,2013-04-04,15.99,2013-04-05,38,13
4789358,2013-03-10,30.0,2013-03-11,15.99,2013-04-05,1,6
4793503,2013-02-05,15.99,2013-03-05,15.99,2013-03-05,28,28
4793769,2013-01-03,56.0,2013-02-16,30.0,2013-04-04,44,22
4797181,,,,,,,
4800427,,,,,,,
4811522,2013-01-14,56.0,2013-01-23,15.99,2013-03-28,9,5
4815326,2013-01-10,56.0,2013-01-13,15.99,2013-05-28,3,2
4817513,2013-01-02,249.0,2013-01-14,399.0,2013-05-03,12,60
4819969,2013-01-23,56.0,,,2013-01-23,,
4829956,,,,,,,
4840799,,,,,,,
4843261,2013-04-30,15.99,,,2013-04-30,,
4848894,2013-01-10,399.0,2013-01-16,399.0,2013-01-29,6,9
4850792,2013-01-21,30.0,2013-02-05,15.99,2013-05-29,15,9
4852100,2013-03-16,30.0,2013-03-16,30.0,2013-03-16,0,0
4855206,2013-03-29,96.0,,,2013-03-29,,
4860656,,,,,,,
4874742,2013-03-01,56.0,2013-03-08,56.0,2013-04-09,7,9
4875203,2013-01-10,56.0,2013-01-31,56.0,2013-04-04,21,28
4888316,2013-02-14,15.99,,,2013-02-14,,
4890334,2013-01-23,15.99,2013-02-06,15.99,2013-03-14,14,8
4891851,,,,,,,
4897238,,,,,,,
4900384,2013-01-18,399.0,2013-01-23,399.0,2013-05-30,5,3
4918220,2013-01-10,56.0,2013-01-10,30.0,2013-05-30,0,0
4924460,,,,,,,
4930700,2013-01-19,399.0,2013-01-31,399.0,2013-05-23,12,31
4936926,,,,,,,
4938629,,,,,,,
4940527,2013-01-02,30.0,2013-01-03,30.0,2013-02-16,1,2
4942256,,,,,,,
4943418,2013-03-10,15.99,2013-03-10,15.99,2013-03-10,0,0
4945920,,,,,,,
4951121,2013-01-01,30.0,2013-01-21,30.0,2013-03-15,20,14
4982983,2013-02-01,56.0,2013-02-19,30.0,2013-05-31,18,4
4990683,2013-01-22,399.0,2013-02-18,96.0,2013-04-05,27,24
4992595,,,,,,,
4992681,2013-03-31,96.0,2013-05-14,96.0,2013-05-14,44,44
5004042,2013-04-05,56.0,2013-04-07,56.0,2013-05-31,2,1
5007394,,,,,,,
5008038,2013-01-08,399.0,2013-01-11,399.0,2013-05-20,3,44
5008934,2013-04-17,15.99,2013-04-17,15.99,2013-04-18,0,0
5017461,2013-01-09,96.0,2013-01-16,96.0,2013-03-16,7,6
5020916,2013-02-20,399.0,2013-03-02,96.0,2013-05-31,10,4
5023080,2013-01-01,56.0,2013-01-19,56.0,2013-05-16,18,6
5025250,2013-05-05,96.0,2013-05-15,399.0,2013-05-24,10,9
5039419,2013-01-27,399.0,2013-03-12,249.0,2013-05-25,44,11
5047099,,,,,,,
5054109,2013-01-05,56.0,2013-01-25,56.0,2013-02-26,20,5
5060149,2013-01-02,15.99,2013-01-02,15.99,2013-04-28,0,0
5068327,,,,,,,
5070571,2013-01-17,399.0,2013-02-19,399.0,2013-02-19,33,33
5070617,2013-01-21,96.0,2013-01-23,15.99,2013-03-14,2,26
5074023,2013-02-04,15.99,,,2013-02-04,,
5075480,2013-01-10,56.0,2013-01-11,56.0,2013-02-20,1,2
5079041,2013-01-09,15.99,2013-01-20,15.99,2013-02-27,11,0
5082556,2013-02-25,56.0,2013-02-28,56.0,2013-04-01,3,5
5093920,2013-04-24,30.0,2013-04-25,249.0,2013-05-24,1,2
5102081,2013-01-12,15.99,2013-01-12,15.99,2013-03-24,0,7
5104600,2013-04-17,96.0,,,2013-04-17,,
5107282,2013-01-10,30.0,2013-01-11,15.99,2013-05-27,1,3
5110777,2013-02-18,96.0,2013-03-06,185.0,2013-03-06,16,16
5115586,2013-02-04,96.0,2013-02-04,96.0,2013-05-27,0,0
5119204,2013-01-15,15.99,2013-01-21,15.99,2013-03-26,6,14
5121869,2013-02-22,399.0,2013-02-26,399.0,2013-05-29,4,2
5135022,2013-01-20,30.0,2013-01-20,56.0,2013-01-22,0,1
5139101,2013-02-11,15.99,2013-02-11,15.99,2013-02-11,0,0
5139931,2013-05-17,96.0,,,2013-05-17,,
5144305,2013-01-18,399.0,2013-02-23,399.0,2013-04-15,36,43
5151172,2013-01-14,249.0,2013-03-11,249.0,2013-04-28,56,20
5152632,2013-01-07,30.0,2013-01-19,30.0,2013-04-24,12,5
5162327,,,,,,,
5162619,2013-01-11,30.0,2013-01-11,30.0,2013-01-17,0,0
5164803,,,,,,,
5171132,2013-01-06,30.0,2013-01-07,30.0,2013-01-07,1,1
5171438,2013-02-01,15.99,,,2013-02-01,,
5179387,2013-02-05,30.0,2013-02-12,30.0,2013-05-23,7,8
5180761,,,,,,,
5185699,2013-01-14,56.0,2013-01-14,56.0,2013-02-21,0,19
5198119,2013-01-14,185.0,2013-01-16,185.0,2013-05-30,2,12
5204929,,,,,,,
5208361,2013-03-01,96.0,2013-04-18,96.0,2013-04-18,48,48
5208962,,,,,,,
5209729,2013-02-05,15.99,2013-03-29,56.0,2013-05-13,52,19
5212878,2013-01-01,399.0,2013-01-02,399.0,2013-05-29,1,6
5258823,2013-02-04,249.0,,,2013-02-04,,
5271312,2013-02-01,96.0,2013-02-01,30.0,2013-05-31,0,1
5280386,2013-03-13,15.99,,,2013-03-13,,
5283964,2013-05-19,185.0,2013-05-21,249.0,2013-05-21,2,2
5285630,2013-04-02,15.99,,,2013-04-02,,
5292703,,,,,,,
5295766,,,,,,,
5299825,2013-05-20,30.0,2013-05-23,30.0,2013-05-29,3,1
5316138,2013-03-15,15.99,,,2013-03-15,,
5320154,2013-01-13,30.0,2013-01-22,15.99,2013-05-28,9,22
5322564,2013-01-04,96.0,2013-01-11,96.0,2013-05-27,7,11
5332056,2013-02-13,15.99,2013-03-31,56.0,2013-05-20,46,24
5333931,2013-02-28,30.0,2013-02-28,15.99,2013-02-28,0,0
5343028,,,,,,,
5361007,,,,,,,
5363062,,,,,,,
5363360,,,,,,,
5367101,2013-04-30,249.0,,,2013-04-30,,
5371223,2013-04-29,399.0,2013-05-15,399.0,2013-05-21,16,5
5403706,2013-01-01,96.0,2013-01-01,96.0,2013-04-04,0,7
5407931,,,,,,,
5419647,,,,,,,
5427911,2013-01-01,15.99,2013-01-01,15.99,2013-05-29,0,3
5433278,2013-04-12,399.0,,,2013-04-12,,
5435817,2013-02-25,30.0,2013-03-19,30.0,2013-03-27,22,15
5440878,,,,,,,
5441436,2013-01-31,249.0,,,2013-01-31,,
5442813,,,,,,,
5443002,2013-05-29,30.0,,,2013-05-29,,
5444370,2013-03-30,15.99,2013-03-30,15.99,2013-04-23,0,2
5444579,,,,,,,
5451094,2013-03-11,96.0,2013-03-20,30.0,2013-04-22,9,8
5451180,2013-01-09,185.0,2013-01-14,185.0,2013-05-29,5,5
5459209,2013-01-08,96.0,2013-03-10,30.0,2013-04-22,61,52
5459956,2013-03-11,399.0,,,2013-03-11,,
5461977,2013-03-29,249.0,2013-04-29,249.0,2013-04-29,31,31
5466491,2013-04-02,56.0,2013-04-02,56.0,2013-04-02,0,0
5471134,2013-01-29,96.0,,,2013-01-29,,
5472073,2013-04-01,30.0,2013-04-05,30.0,2013-05-03,4,2
5474818,2013-01-08,399.0,2013-01-24,249.0,2013-05-30,16,8
5475528,,,,,,,
5485784,2013-01-21,30.0,2013-01-30,30.0,2013-03-26,9,16
5485993,2013-02-02,15.99,2013-02-02,15.99,2013-04-28,0,28
5487032,2013-03-25,15.99,2013-03-28,56.0,2013-04-30,3,2
5493341,2013-01-02,56.0,2013-01-09,56.0,2013-05-20,7,9
5500829,2013-01-11,56.0,,,2013-01-11,,
5501974,2013-03-27,399.0,2013-04-01,399.0,2013-04-10,5,7
5506740,,,,,,,
5518917,2013-01-30,249.0,2013-03-19,399.0,2013-03-19,48,48
5520666,2013-03-15,56.0,,,2013-03-15,,
5521390,2013-05-19,30.0,2013-05-25,30.0,2013-05-31,6,6
5521393,2013-03-08,96.0,,,2013-03-08,,
5525807,2013-01-28,15.99,2013-01-29,15.99,2013-02-01,1,2
5527258,2013-01-07,399.0,2013-04-19,399.0,2013-05-28,102,35
5530567,,,,,,,
5545120,2013-01-10,96.0,2013-01-11,96.0,2013-04-08,1,9
5549236,2013-01-09,30.0,2013-01-09,30.0,2013-01-09,0,0
5554755,2013-01-09,96.0,2013-01-10,15.99,2013-04-30,1,2
5564619,,,,,,,
5569233,2013-05-20,15.99,2013-05-20,15.99,2013-05-30,0,2
5589090,2013-02-24,56.0,2013-03-14,96.0,2013-04-15,18,16
5593441,2013-01-21,96.0,2013-03-01,399.0,2013-04-19,39,14
5597119,,,,,,,
5597932,2013-01-20,399.0,2013-01-23,399.0,2013-02-25,3,3
5600185,2013-01-06,399.0,2013-01-22,96.0,2013-03-19,16,9
5600348,2013-01-02,56.0,2013-01-07,56.0,2013-02-08,5,7
5602386,2013-01-05,96.0,2013-01-06,96.0,2013-05-31,1,0
5613312,,,,,,,
5618307,2013-01-29,399.0,2013-02-11,399.0,2013-04-12,13,10
5621155,2013-01-01,185.0,2013-01-01,185.0,2013-05-17,0,2
5625609,2013-03-13,56.0,2013-04-23,30.0,2013-04-23,41,41
5627275,,,,,,,
5632336,2013-01-14,56.0,2013-02-08,96.0,2013-05-30,25,9
5634188,2013-02-01,56.0,2013-05-24,15.99,2013-05-24,112,112
5637451,,,,,,,
5646817,,,,,,,
5648958,2013-04-24,96.0,2013-05-06,96.0,2013-05-29,12,2
5664779,2013-03-08,30.0,2013-04-12,56.0,2013-05-23,35,19
5674411,,,,,,,
5676678,2013-02-08,96.0,2013-02-25,96.0,2013-05-28,17,36
5686751,,,,,,,
5693827,,,,,,,
5698513,2013-05-10,56.0,,,2013-05-10,,
5705440,,,,,,,
5706588,2013-01-03,30.0,2013-04-01,56.0,2013-04-20,88,17
5713724,2013-01-15,249.0,2013-01-29,399.0,2013-05-28,14,4
5717405,,,,,,,
5732307,2013-01-08,56.0,2013-01-10,56.0,2013-05-20,2,3
5746247,2013-03-05,399.0,2013-03-06,15.99,2013-04-09,1,7
5759615,2013-02-09,399.0,2013-03-16,249.0,2013-03-16,35,35
5760880,2013-03-26,30.0,2013-03-27,56.0,2013-05-07,1,3
5762795,2013-05-13,15.99,2013-05-21,15.99,2013-05-29,8,0
5785809,2013-01-18,30.0,2013-01-18,30.0,2013-05-28,0,1
5789722,,,,,,,
5792204,2013-01-09,399.0,2013-01-19,399.0,2013-01-19,10,10
5792991,,,,,,,
5801942,2013-03-18,56.0,2013-04-20,56.0,2013-05-30,33,7
5807787,2013-01-16,15.99,,,2013-01-16,,
5816463,2013-03-12,185.0,2013-03-22,185.0,2013-04-07,10,3
5818341,2013-03-31,96.0,,,2013-03-31,,
5822692,2013-01-23,249.0,2013-04-04,399.0,2013-04-04,71,71
5831906,2013-04-07,96.0,,,2013-04-07,,
5833277,2013-01-01,56.0,2013-01-04,15.99,2013-01-12,3,5
5836821,2013-05-30,96.0,,,2013-05-30,,
5839729,2013-02-13,56.0,2013-04-04,56.0,2013-05-30,50,4
5853423,2013-04-13,30.0,2013-05-31,30.0,2013-05-31,48,24
5862334,,,,,,,
5867990,2013-02-25,56.0,2013-02-25,56.0,2013-03-15,0,0
5873137,,,,,,,
5873406,2013-01-28,399.0,2013-02-28,399.0,2013-02-28,31,31
5898690,,,,,,,
5899852,2013-01-25,399.0,2013-01-25,56.0,2013-01-25,0,0
5908282,2013-01-19,96.0,2013-02-02,96.0,2013-05-04,14,8
5919769,,,,,,,
5923748,,,,,,,
5924160,2013-02-27,15.99,2013-02-27,15.99,2013-05-19,0,3
5925099,,,,,,,
5932315,2013-05-29,30.0,2013-05-30,30.0,2013-05-30,1,1
5932985,2013-01-02,15.99,2013-01-14,15.99,2013-02-01,12,15
5943101,2013-01-12,56.0,2013-01-12,56.0,2013-05-11,0,3
5951691,2013-04-22,56.0,2013-04-30,96.0,2013-04-30,8,8
5952321,2013-03-15,30.0,2013-03-15,30.0,2013-04-29,0,22
5954485,2013-03-13,399.0,2013-03-15,399.0,2013-05-20,2,13
5954777,2013-01-10,56.0,2013-01-10,56.0,2013-05-31,0,0
5969733,,,,,,,
5976792,2013-01-25,30.0,2013-01-29,15.99,2013-02-14,4,2
5984784,2013-01-18,15.99,2013-01-18,15.99,2013-03-09,0,3
5997645,,,,,,,
6004257,2013-01-31,96.0,2013-02-04,96.0,2013-03-12,4,13
6008923,2013-01-24,30.0,,,2013-01-24,,
6011502,,,,,,,
6023015,2013-01-05,30.0,2013-01-27,15.99,2013-02-09,22,17
6034021,2013-02-11,185.0,2013-02-12,185.0,2013-05-25,1,4
6036577,2013-01-11,15.99,2013-01-24,15.99,2013-02-28,13,16
6044297,,,,,,,
6050337,2013-01-14,399.0,2013-03-21,399.0,2013-04-11,66,29
6052853,2013-01-04,96.0,2013-01-17,96.0,2013-05-23,13,7
6066404,,,,,,,
6068336,2013-02-08,185.0,2013-02-14,249.0,2013-05-31,6,5
6072146,2013-03-25,399.0,,,2013-03-25,,
6076139,,,,,,,
6077204,2013-01-27,185.0,2013-02-01,96.0,2013-02-03,5,3
6082491,2013-01-02,15.99,2013-01-13,15.99,2013-03-31,11,4
6085757,2013-04-19,15.99,,,2013-04-19,,
6086756,2013-02-14,96.0,2013-02-22,96.0,2013-02-22,8,8
6088651,,,,,,,
6095306,2013-03-04,15.99,2013-03-27,15.99,2013-05-30,23,12
6099013,,,,,,,
6104609,2013-01-11,56.0,2013-01-16,56.0,2013-05-30,5,3
6105087,,,,,,,
6106049,2013-01-17,96.0,2013-01-18,185.0,2013-03-15,1,7
6107646,2013-04-14,249.0,,,2013-04-14,,
6109916,,,,,,,
6112292,,,,,,,
6112764,,,,,,,
6112993,2013-03-04,56.0,2013-04-01,56.0,2013-05-07,28,21
6117490,2013-04-03,399.0,2013-05-10,399.0,2013-05-10,37,37
6123295,2013-02-24,399.0,2013-03-06,399.0,2013-03-06,10,10
6138652,,,,,,,
6146269,,,,,,,
6148310,,,,,,,
6149246,2013-02-07,30.0,,,2013-02-07,,
6152558,2013-01-28,185.0,2013-02-06,185.0,2013-04-09,9,10
6154158,2013-01-18,30.0,2013-01-25,96.0,2013-01-25,7,7
6154221,2013-02-04,56.0,2013-03-19,56.0,2013-05-27,43,4
6155389,2013-01-23,15.99,2013-02-15,15.99,2013-02-15,23,23
6157444,,,,,,,
6169833,2013-01-18,185.0,2013-01-21,399.0,2013-02-20,3,4
6178967,2013-01-10,15.99,2013-01-10,15.99,2013-05-31,0,4
6183607,2013-01-10,185.0,,,2013-01-10,,
6185084,2013-03-02,56.0,,,2013-03-02,,
6187560,,,,,,,
6188785,2013-02-01,249.0,,,2013-02-01,,
6189767,2013-03-22,399.0,,,2013-03-22,,
6194078,2013-01-10,56.0,,,2013-01-10,,
6204878,2013-01-02,399.0,2013-01-14,399.0,2013-05-31,12,10
6206063,2013-03-11,15.99,2013-03-11,15.99,2013-03-25,0,0
6208645,2013-02-12,185.0,,,2013-02-12,,
6213717,2013-04-01,399.0,2013-04-10,399.0,2013-04-17,9,8
6214361,,,,,,,
6228138,2013-01-17,399.0,2013-04-10,15.99,2013-04-10,83,41
6229538,2013-02-11,96.0,2013-03-19,96.0,2013-05-28,36,26
6231845,2013-01-10,96.0,2013-01-10,96.0,2013-05-30,0,6
6232323,,,,,,,
6234364,2013-01-18,96.0,2013-02-14,96.0,2013-03-15,27,28
6237922,,,,,,,
6240418,2013-01-06,249.0,2013-02-07,399.0,2013-05-27,32,4
6241769,2013-01-14,399.0,,,2013-01-14,,
6243372,,,,,,,
6250929,2013-01-16,96.0,2013-04-10,399.0,2013-04-10,84,84
6252555,,,,,,,
6252681,2013-01-11,1899.0,2013-02-15,249.0,2013-05-15,35,9
6257713,,,,,,,
6258174,,,,,,,
6264102,,,,,,,
6265997,2013-01-28,30.0,2013-01-28,30.0,2013-02-19,0,4
6269993,2013-03-22,96.0,,,2013-03-22,,
6272884,2013-01-13,96.0,2013-01-26,96.0,2013-05-29,13,8
6273571,2013-01-25,30.0,2013-02-03,96.0,2013-04-26,9,45
6277965,,,,,,,
6280249,,,,,,,
6284056,2013-04-06,56.0,,,2013-04-06,,
6284517,2013-01-02,96.0,2013-01-02,96.0,2013-05-09,0,6
6287391,2013-02-10,56.0,2013-02-15,56.0,2013-03-23,5,10
6291035,2013-01-11,399.0,2013-01-15,399.0,2013-05-14,4,7
6292429,,,,,,,
6306701,,,,,,,
6315174,2013-02-15,30.0,2013-02-20,30.0,2013-05-28,5,17
6315360,2013-04-27,249.0,,,2013-04-27,,
6322270,2013-03-21,96.0,2013-03-29,96.0,2013-04-03,8,6
6331776,2013-03-01,30.0,2013-03-01,30.0,2013-03-01,0,0
6341517,2013-01-11,56.0,2013-01-21,56.0,2013-04-02,10,0
6342367,,,,,,,
6345012,,,,,,,
6346366,,,,,,,
6352274,2013-01-16,399.0,2013-03-25,399.0,2013-03-25,68,68
6352443,2013-02-01,185.0,2013-02-12,185.0,2013-03-16,11,14
6359834,2013-01-01,96.0,2013-01-02,96.0,2013-04-27,1,3
6376373,2013-03-06,30.0,2013-03-06,30.0,2013-03-13,0,1
6376376,2013-01-02,96.0,2013-01-02,96.0,2013-05-29,0,6
6381660,2013-01-25,96.0,,,2013-01-25,,
6384514,2013-01-15,249.0,2013-02-20,249.0,2013-04-29,36,34
6386509,,,,,,,
6386987,2013-02-20,30.0,2013-02-26,30.0,2013-02-28,6,4
6387010,2013-03-05,56.0,2013-03-05,56.0,2013-05-28,0,5
6388381,,,,,,,
6399373,2013-01-10,56.0,2013-01-10,56.0,2013-04-03,0,7
6413794,2013-04-02,15.99,,,2013-04-02,,
6428504,2013-01-16,56.0,2013-01-16,30.0,2013-05-03,0,4
6429629,2013-02-22,399.0,2013-03-11,56.0,2013-04-22,17,7
6430087,2013-01-28,15.99,,,2013-01-28,,
6441454,,,,,,,
6442908,2013-01-18,56.0,2013-03-19,56.0,2013-04-18,60,18
6444757,,,,,,,
6445573,2013-02-20,56.0,2013-03-05,56.0,2013-03-24,13,8
6445716,2013-02-26,399.0,,,2013-02-26,,
6462971,2013-03-12,15.99,2013-03-12,15.99,2013-03-12,0,0
6467734,2013-01-15,96.0,2013-01-23,96.0,2013-03-03,8,9
6470900,,,,,,,
6473768,2013-01-24,399.0,,,2013-01-24,,
6482968,2013-01-14,56.0,2013-01-14,15.99,2013-04-19,0,3
6484027,,,,,,,
6487688,2013-03-05,96.0,2013-04-08,96.0,2013-04-11,34,18
6488985,,,,,,,
6499911,2013-04-20,185.0,2013-04-27,249.0,2013-04-27,7,7
6518388,,,,,,,
6525673,2013-01-31,96.0,2013-02-11,96.0,2013-05-22,11,12
6538405,,,,,,,
6546686,2013-02-04,96.0,2013-02-18,56.0,2013-04-30,14,17
6547044,2013-02-09,56.0,2013-02-12,56.0,2013-05-31,3,3
6569563,2013-01-19,30.0,2013-02-01,30.0,2013-05-20,13,9
6580546,2013-02-15,15.99,2013-02-15,15.99,2013-05-31,0,15
6581631,,,,,,,
6585358,,,,,,,
6592225,2013-02-18,56.0,2013-05-17,56.0,2013-05-23,88,18
6592617,2013-03-30,30.0,,,2013-03-30,,
6604250,2013-02-04,399.0,2013-02-14,399.0,2013-05-29,10,9
6623566,,,,,,,
6624479,2013-01-17,56.0,2013-01-23,56.0,2013-04-10,6,10
6626875,,,,,,,
6629637,2013-05-11,30.0,2013-05-17,30.0,2013-05-27,6,4
6639550,2013-04-22,15.99,2013-04-24,15.99,2013-04-24,2,2
6640632,,,,,,,
6645252,2013-01-01,56.0,2013-03-02,96.0,2013-05-31,60,10
6645458,2013-02-01,30.0,2013-02-01,249.0,2013-04-22,0,40
6657403,2013-02-25,15.99,,,2013-02-25,,
6665538,,,,,,,
6668057,2013-05-01,96.0,2013-05-10,96.0,2013-05-10,9,9
6671990,,,,,,,
6679713,,,,,,,
6682043,,,,,,,
6691884,2013-01-10,185.0,2013-01-11,96.0,2013-05-21,1,7
6691930,2013-01-14,30.0,2013-01-31,15.99,2013-01-31,17,17
6692548,2013-03-18,96.0,2013-03-18,56.0,2013-04-18,0,2
6693822,,,,,,,
6693902,2013-01-10,30.0,2013-01-14,30.0,2013-05-31,4,3
6709411,2013-01-05,30.0,2013-02-06,56.0,2013-05-27,32,1
6720294,2013-04-08,56.0,,,2013-04-08,,
6726036,,,,,,,
6727244,2013-01-24,399.0,2013-01-28,399.0,2013-05-28,4,15
6728532,2013-01-06,56.0,2013-01-06,56.0,2013-05-14,0,4
6738190,,,,,,,
6739956,2013-01-14,249.0,2013-01-15,249.0,2013-03-20,1,1
6741436,,,,,,,
6744911,,,,,,,
6762638,2013-02-27,15.99,2013-02-27,15.99,2013-02-27,0,0
6764410,2013-04-08,30.0,2013-04-08,15.99,2013-05-24,0,11
6766196,2013-02-04,56.0,,,2013-02-04,,
6772193,2013-03-14,56.0,2013-03-20,56.0,2013-05-23,6,5
6776209,2013-01-15,15.99,2013-02-01,15.99,2013-02-01,17,17
6777337,,,,,,,
6781831,2013-01-01,30.0,2013-01-01,30.0,2013-05-31,0,0
6790988,2013-01-04,399.0,2013-01-08,185.0,2013-05-12,4,11
6797872,2013-01-17,30.0,2013-03-07,30.0,2013-05-28,49,10
6802827,2013-01-05,56.0,2013-01-05,56.0,2013-04-10,0,1
6806800,2013-04-08,56.0,2013-04-08,15.99,2013-04-09,0,0
6809422,2013-03-01,249.0,,,2013-03-01,,
6813395,,,,,,,
6815230,,,,,,,
6819472,2013-05-24,30.0,2013-05-24,30.0,2013-05-24,0,0
6825389,2013-02-06,30.0,2013-02-08,15.99,2013-04-03,2,18
6833856,2013-03-22,96.0,2013-04-08,185.0,2013-05-31,17,10
6834772,2013-01-24,30.0,2013-01-24,96.0,2013-04-04,0,23
6843823,2013-03-10,15.99,,,2013-03-10,,
6850132,2013-04-22,56.0,2013-04-24,96.0,2013-05-31,2,19
6851546,2013-01-28,30.0,2013-02-27,30.0,2013-02-27,30,30
6854523,2013-01-10,399.0,2013-01-15,399.0,2013-05-16,5,7
6859953,,,,,,,
6864215,2013-01-10,30.0,2013-01-11,30.0,2013-02-19,1,2
6865967,,,,,,,
6867152,,,,,,,
6868715,2013-01-01,399.0,2013-01-17,249.0,2013-04-10,16,3
6877248,2013-02-01,56.0,2013-02-08,56.0,2013-02-17,7,8
6878636,,,,,,,
6886090,2013-01-24,30.0,2013-02-18,30.0,2013-04-01,25,13
6891623,2013-01-02,30.0,2013-01-08,30.0,2013-05-31,6,0
6894955,2013-01-11,399.0,2013-01-11,399.0,2013-05-31,0,15
6904590,,,,,,,
6906648,2013-02-14,185.0,2013-02-22,15.99,2013-02-22,8,8
6910999,,,,,,,
6915181,2013-01-29,96.0,2013-02-07,96.0,2013-02-11,9,6
6920010,,,,,,,
6929250,,,,,,,
6931623,2013-03-15,56.0,2013-05-07,15.99,2013-05-07,53,53
6935284,2013-04-27,185.0,,,2013-04-27,,
6936180,,,,,,,
6937886,2013-02-20,185.0,,,2013-02-20,,
6937992,,,,,,,
6939097,2013-01-19,399.0,2013-03-09,96.0,2013-03-09,49,49
6941089,2013-01-01,96.0,2013-01-06,96.0,2013-05-25,5,24
6943797,2013-03-29,30.0,2013-05-03,56.0,2013-05-06,35,19
6945400,,,,,,,
6958195,2013-05-07,15.99,2013-05-15,15.99,2013-05-20,8,4
6961676,2013-01-15,399.0,2013-01-29,399.0,2013-05-31,14,34
6968477,2013-01-15,56.0,2013-01-15,96.0,2013-04-23,0,2
6971082,,,,,,,
6989064,2013-01-08,15.99,2013-01-24,15.99,2013-05-31,16,11
6992914,2013-05-17,15.99,,,2013-05-17,,
6994371,,,,,,,
6995015,2013-01-15,399.0,,,2013-01-15,,
7010312,,,,,,,
7019864,,,,,,,
7027541,,,,,,,
7035344,2013-01-17,30.0,2013-02-19,56.0,2013-05-20,33,24
7051288,2013-01-12,30.0,,,2013-01-12,,
7052427,2013-03-21,15.99,,,2013-03-21,,
7055590,2013-02-06,56.0,,,2013-02-06,,
7061146,2013-02-16,96.0,,,2013-02-16,,
7082457,2013-01-10,30.0,,,2013-01-10,,
7082809,,,,,,,
7094969,2013-02-04,56.0,2013-02-04,56.0,2013-04-15,0,3
7122434,,,,,,,
7124478,2013-01-04,399.0,2013-01-14,399.0,2013-05-31,10,8
7134591,2013-03-28,56.0,2013-03-28,56.0,2013-03-28,0,0
7142371,,,,,,,
7146115,,,,,,,
7150778,2013-04-01,56.0,2013-04-01,56.0,2013-05-17,0,0
7153340,,,,,,,
7160187,,,,,,,
7168179,2013-01-16,185.0,2013-02-27,96.0,2013-02-27,42,42
7169673,,,,,,,
7171365,2013-01-24,56.0,2013-01-25,399.0,2013-02-17,1,2
7172839,,,,,,,
7180516,,,,,,,
7181103,2013-01-23,15.99,2013-02-04,15.99,2013-05-30,12,9
7184552,2013-01-05,96.0,2013-01-15,96.0,2013-04-22,10,11
7187074,2013-02-19,185.0,2013-03-01,185.0,2013-03-01,10,10
7190403,2013-03-11,399.0,2013-03-13,15.99,2013-04-02,2,2
7191382,2013-01-22,56.0,2013-01-22,96.0,2013-04-19,0,21
7193154,,,,,,,
7195750,2013-01-20,30.0,2013-01-23,30.0,2013-02-06,3,1
7196955,2013-02-20,96.0,,,2013-02-20,,
7208428,,,,,,,
7209135,,,,,,,
7209593,2013-01-11,15.99,2013-02-18,56.0,2013-02-18,38,38
7210300,,,,,,,
7212129,2013-01-02,249.0,2013-01-07,399.0,2013-03-10,5,11
7212876,2013-01-17,56.0,,,2013-01-17,,
7213812,2013-01-27,15.99,2013-03-04,15.99,2013-04-21,36,2
7220181,,,,,,,
7223533,2013-01-18,30.0,2013-01-18,30.0,2013-02-01,0,0
7239351,2013-01-14,15.99,2013-01-15,15.99,2013-05-06,1,8
7256809,,,,,,,
7277035,,,,,,,
7278727,,,,,,,
7279325,2013-01-08,15.99,2013-02-18,15.99,2013-05-24,41,19
7279514,2013-01-23,15.99,2013-03-11,15.99,2013-05-26,47,11
7288814,2013-01-24,56.0,2013-02-14,56.0,2013-02-14,21,21
7289126,,,,,,,
7296872,2013-01-30,30.0,2013-02-01,56.0,2013-03-06,2,8
7303570,2013-01-23,30.0,2013-01-23,15.99,2013-02-14,0,2
7307758,,,,,,,
7312066,2013-01-15,56.0,2013-01-24,56.0,2013-02-28,9,1
7312790,,,,,,,
7326195,,,,,,,
7328920,,,,,,,
7336560,2013-03-19,30.0,2013-03-20,15.99,2013-04-11,1,7
7341363,,,,,,,
7344529,2013-03-04,185.0,2013-03-04,96.0,2013-05-12,0,6
7352435,,,,,,,
7356371,2013-01-15,15.99,2013-03-07,15.99,2013-03-07,51,51
7366985,2013-01-18,185.0,2013-02-04,399.0,2013-05-28,17,10
7374682,2013-04-01,30.0,,,2013-04-01,,
7381131,2013-02-14,15.99,2013-02-16,15.99,2013-04-10,2,1
7383338,2013-03-13,15.99,2013-03-13,15.99,2013-04-22,0,2
7385565,,,,,,,
7392910,2013-01-25,30.0,2013-01-25,96.0,2013-05-23,0,39
7397656,,,,,,,
7398635,2013-03-20,15.99,,,2013-03-20,,
7400885,2013-03-08,96.0,2013-03-27,96.0,2013-04-03,19,6
7405399,,,,,,,
7413760,2013-01-15,399.0,2013-01-23,399.0,2013-03-20,8,8
7431768,2013-03-31,185.0,2013-05-14,185.0,2013-05-14,44,44
7432389,2013-01-22,96.0,2013-04-22,96.0,2013-04-22,90,90
7432472,,,,,,,
7440919,,,,,,,
7442645,2013-04-28,56.0,2013-05-25,30.0,2013-05-30,27,8
7443338,,,,,,,
7454135,2013-01-14,30.0,2013-01-17,30.0,2013-02-14,3,6
7460438,2013-03-01,96.0,2013-03-15,96.0,2013-05-29,14,2
7465751,,,,,,,
7468393,2013-01-09,96.0,2013-01-15,56.0,2013-05-31,6,3
7471845,2013-02-20,185.0,2013-03-15,185.0,2013-03-15,23,23
7472595,2013-04-07,249.0,2013-05-18,399.0,2013-05-18,41,41
7473239,,,,,,,
7473840,,,,,,,
7476923,,,,,,,
7487371,2013-02-01,96.0,2013-02-01,15.99,2013-02-05,0,2
7488768,2013-04-03,30.0,2013-04-03,30.0,2013-04-03,0,0
7524812,2013-03-03,56.0,2013-03-20,96.0,2013-05-05,17,21
7526661,2013-01-30,15.99,2013-02-08,30.0,2013-03-06,9,8
7535632,,,,,,,
7538125,,,,,,,
7544517,2013-02-25,15.99,2013-02-25,15.99,2013-02-25,0,0
7548161,,,,,,,
7550176,2013-01-15,185.0,2013-01-21,249.0,2013-02-13,6,7
7551072,2013-01-10,15.99,,,2013-01-10,,
7551447,,,,,,,
7564411,2013-01-18,56.0,2013-03-04,56.0,2013-05-31,45,9
7565038,2013-03-24,56.0,2013-03-24,56.0,2013-05-16,0,6
7570554,2013-02-10,30.0,2013-02-10,30.0,2013-05-16,0,5
7572629,2013-01-21,56.0,2013-04-27,96.0,2013-04-27,96,96
7573488,2013-01-31,56.0,2013-02-01,30.0,2013-04-26,1,28
7573634,,,,,,,
7573754,2013-01-22,30.0,,,2013-01-22,,
7576001,,,,,,,
7577295,2013-02-06,30.0,2013-02-19,15.99,2013-05-21,13,34
7577415,2013-01-08,15.99,2013-01-13,15.99,2013-05-28,5,35
7579373,2013-01-31,56.0,,,2013-01-31,,
7585012,,,,,,,
7587717,2013-01-15,56.0,2013-01-21,56.0,2013-04-30,6,7
7590199,,,,,,,
7590322,2013-01-12,15.99,2013-01-24,15.99,2013-01-24,12,12
7592592,2013-01-14,30.0,2013-01-17,15.99,2013-05-22,3,8
7593236,2013-05-12,56.0,,,2013-05-12,,
7594750,2013-01-24,96.0,2013-01-30,249.0,2013-02-04,6,5
7595563,2013-03-26,399.0,2013-04-23,399.0,2013-05-28,28,21
7597352,,,,,,,
7624786,,,,,,,
7649028,2013-05-20,56.0,2013-05-20,56.0,2013-05-31,0,1
7656210,2013-01-25,15.99,2013-01-25,15.99,2013-05-31,0,6
7657521,,,,,,,
7659098,,,,,,,
7666592,2013-01-03,56.0,2013-01-08,56.0,2013-04-16,5,6
7678620,2013-01-21,30.0,2013-01-31,56.0,2013-04-17,10,8
7699908,2013-05-16,399.0,2013-05-27,56.0,2013-05-27,11,11
7719759,2013-04-05,30.0,,,2013-04-05,,
7742238,2013-01-07,185.0,,,2013-01-07,,
7742278,,,,,,,
7745447,2013-03-18,15.99,,,2013-03-18,,
7757744,,,,,,,
7761926,2013-01-17,96.0,2013-04-19,185.0,2013-04-19,92,92
7763509,2013-01-16,96.0,2013-02-04,56.0,2013-05-30,19,26
7765086,2013-03-18,15.99,2013-03-18,15.99,2013-04-16,0,1
7765424,2013-04-22,56.0,2013-04-22,56.0,2013-05-16,0,3
7784883,2013-03-28,15.99,2013-03-28,15.99,2013-03-28,0,0
7793350,2013-01-11,399.0,2013-01-17,399.0,2013-03-11,6,14
7795428,2013-01-22,56.0,,,2013-01-22,,
7796098,2013-01-09,399.0,2013-01-11,399.0,2013-03-23,2,12
7796745,2013-01-07,56.0,2013-01-22,30.0,2013-03-12,15,12
7798236,2013-02-05,15.99,2013-02-05,15.99,2013-02-05,0,0
7798322,,,,,,,
7798903,2013-04-09,399.0,2013-05-31,56.0,2013-05-31,52,52
7803317,2013-01-31,30.0,2013-02-15,15.99,2013-03-03,15,15
7804276,2013-05-23,15.99,2013-05-24,15.99,2013-05-24,1,0
7835909,2013-01-28,15.99,2013-01-28,15.99,2013-03-26,0,4
7836447,2013-02-01,56.0,2013-02-15,96.0,2013-05-31,14,23
7849308,2013-03-22,30.0,2013-03-26,30.0,2013-04-20,4,2
7855674,2013-04-09,249.0,2013-04-10,96.0,2013-05-21,1,2
7857801,2013-01-05,56.0,2013-01-06,56.0,2013-05-25,1,10
7866457,2013-02-04,249.0,2013-03-22,30.0,2013-05-03,46,22
7866497,2013-01-31,30.0,2013-02-05,15.99,2013-05-18,5,5
7874008,2013-02-26,96.0,2013-05-14,96.0,2013-05-16,77,39
7879570,2013-02-08,96.0,2013-02-08,96.0,2013-05-17,0,1
7880646,2013-03-11,96.0,2013-04-23,96.0,2013-04-23,43,43
7883586,2013-01-11,56.0,2013-01-11,56.0,2013-01-18,0,2
7888040,,,,,,,
7890324,2013-01-15,15.99,,,2013-01-15,,
7891475,2013-01-30,399.0,2013-05-24,399.0,2013-05-24,114,114
7900712,2013-01-10,96.0,2013-01-10,96.0,2013-05-29,0,0
7904877,2013-03-25,56.0,2013-03-29,30.0,2013-03-29,4,4
7911220,,,,,,,
7912196,,,,,,,
7912680,2013-01-18,56.0,2013-01-24,56.0,2013-05-30,6,8
7914323,2013-02-13,56.0,,,2013-02-13,,
7915923,,,,,,,
7918920,2013-01-09,30.0,2013-02-08,15.99,2013-05-28,30,2
7919458,2013-01-16,30.0,2013-01-16,30.0,2013-01-29,0,2
7921253,,,,,,,
7933401,2013-04-27,15.99,2013-04-27,15.99,2013-05-18,0,2
7943474,2013-02-14,56.0,2013-02-20,56.0,2013-05-23,6,16
7958396,2013-02-14,15.99,,,2013-02-14,,
7960895,,,,,,,
7984098,2013-01-10,15.99,2013-01-10,15.99,2013-03-05,0,1
7987407,2013-01-10,96.0,2013-02-04,96.0,2013-02-04,25,25
7987470,2013-04-04,15.99,,,2013-04-04,,
7988701,2013-02-04,15.99,2013-02-06,30.0,2013-02-10,2,3
7997935,2013-01-07,30.0,2013-01-07,56.0,2013-01-11,0,2
7998024,,,,,,,
7998333,2013-02-08,56.0,,,2013-02-08,,
8001373,2013-01-24,30.0,,,2013-01-24,,
8003311,,,,,,,
8010507,2013-04-09,30.0,2013-05-07,56.0,2013-05-27,28,16
8010613,,,,,,,
8012173,2013-03-20,30.0,2013-04-16,30.0,2013-04-30,27,20
8013633,2013-01-02,56.0,2013-01-11,96.0,2013-05-31,9,3
8015983,2013-01-27,56.0,2013-01-29,56.0,2013-01-29,2,2
8021347,,,,,,,
8022555,2013-03-14,96.0,2013-03-20,96.0,2013-03-22,6,2
8028887,2013-02-07,56.0,2013-02-07,30.0,2013-04-30,0,16
8029883,,,,,,,
8033275,,,,,,,
8047464,2013-01-24,399.0,,,2013-01-24,,
8050069,2013-01-01,56.0,2013-01-01,96.0,2013-05-31,0,2
8051944,,,,,,,
8053378,2013-01-25,399.0,2013-01-29,96.0,2013-02-08,4,1
8053567,2013-01-10,56.0,2013-02-05,56.0,2013-05-13,26,7
8053650,2013-01-16,15.99,2013-01-18,15.99,2013-01-30,2,7
8063116,2013-01-02,56.0,2013-01-10,30.0,2013-05-17,8,9
8067427,2013-02-25,15.99,2013-02-25,15.99,2013-02-25,0,0
8069176,,,,,,,
8070690,2013-05-06,96.0,2013-05-13,96.0,2013-05-28,7,4
8071629,,,,,,,
8074815,2013-03-10,96.0,2013-03-22,96.0,2013-05-28,12,39
8077016,2013-01-25,15.99,2013-01-30,15.99,2013-01-30,5,5
8082097,2013-01-04,56.0,2013-02-12,56.0,2013-04-02,39,5
8082844,2013-01-23,56.0,2013-01-25,30.0,2013-02-11,2,4
8089897,2013-03-21,15.99,,,2013-03-21,,
8090318,2013-02-21,56.0,2013-03-14,56.0,2013-04-21,21,7
8095230,2013-01-29,15.99,2013-02-01,15.99,2013-02-01,3,3
8099844,,,,,,,
8101516,2013-02-21,30.0,,,2013-02-21,,
8102220,2013-01-01,96.0,,,2013-01-01,,
8104513,2013-01-31,30.0,,,2013-01-31,,
8108901,2013-02-05,96.0,,,2013-02-05,,
8110146,2013-01-15,96.0,2013-01-18,30.0,2013-05-31,3,45
8112393,,,,,,,
8115270,,,,,,,
8116807,2013-01-10,56.0,2013-01-14,56.0,2013-01-28,4,2
8123700,2013-03-25,56.0,2013-03-27,56.0,2013-04-11,2,1
8126107,2013-04-30,15.99,2013-05-05,15.99,2013-05-26,5,1
8144444,2013-01-21,15.99,2013-01-28,15.99,2013-02-25,7,5
8145821,,,,,,,
8148958,,,,,,,
8150810,2013-03-16,249.0,2013-03-19,249.0,2013-05-31,3,2
8156346,2013-03-22,30.0,2013-03-27,30.0,2013-03-27,5,5
8157760,2013-01-04,15.99,2013-03-31,56.0,2013-05-13,86,43
8161467,2013-04-01,15.99,2013-05-10,30.0,2013-05-10,39,39
8163631,2013-02-01,30.0,,,2013-02-01,,
8168792,2013-03-13,96.0,2013-04-15,96.0,2013-05-15,33,31
8175161,2013-01-10,56.0,2013-01-16,56.0,2013-05-31,6,7
8175516,2013-01-10,30.0,2013-01-31,30.0,2013-02-05,21,13
8178347,2013-01-26,96.0,,,2013-01-26,,
8179678,2013-02-06,399.0,2013-02-08,96.0,2013-05-24,2,53
8190667,2013-01-10,56.0,2013-01-10,56.0,2013-05-28,0,0
8195204,2013-05-23,30.0,,,2013-05-23,,
8195825,2013-01-04,30.0,2013-01-05,30.0,2013-02-08,1,7
8196724,,,,,,,
8199987,,,,,,,
8203067,2013-02-16,96.0,2013-03-16,249.0,2013-04-01,28,22
8208603,,,,,,,
8209313,2013-02-06,15.99,2013-02-06,15.99,2013-03-18,0,20
8209791,,,,,,,
8210979,2013-01-15,249.0,2013-01-31,249.0,2013-04-03,16,6
8212765,2013-02-15,15.99,2013-02-17,15.99,2013-05-27,2,8
8213283,2013-03-27,96.0,,,2013-03-27,,
8213704,2013-01-18,249.0,2013-02-11,399.0,2013-04-09,24,13
8215281,,,,,,,
8220382,,,,,,,
8225858,,,,,,,
8229021,2013-01-03,15.99,,,2013-01-03,,
8232934,,,,,,,
8235009,,,,,,,
8238776,2013-01-11,8.99,2013-01-14,56.0,2013-02-11,3,2
8244249,2013-01-17,15.99,2013-01-21,56.0,2013-02-25,4,5
8245377,2013-01-07,15.99,2013-02-02,15.99,2013-03-01,26,26
8248397,2013-02-05,15.99,2013-02-05,15.99,2013-02-05,0,0
8248537,,,,,,,
8248580,,,,,,,
8251617,,,,,,,
8255321,2013-01-05,96.0,2013-01-10,399.0,2013-02-06,5,16
8260359,2013-03-01,399.0,,,2013-03-01,,
8271408,,,,,,,
8272891,2013-01-07,96.0,2013-01-13,399.0,2013-05-21,6,26
8274348,,,,,,,
8276841,,,,,,,
8280299,2013-01-04,185.0,2013-01-09,56.0,2013-01-11,5,3
8281149,2013-01-17,56.0,2013-03-21,56.0,2013-05-15,63,23
8281375,2013-01-02,399.0,2013-01-11,399.0,2013-04-12,9,7
8284564,2013-01-25,30.0,2013-02-18,399.0,2013-02-18,24,24
8286768,2013-04-16,30.0,,,2013-04-16,,
8290306,2013-03-26,30.0,,,2013-03-26,,
8290661,2013-01-11,399.0,2013-01-17,249.0,2013-02-13,6,6
8293057,,,,,,,
8293097,2013-05-23,15.99,,,2013-05-23,,
8293532,,,,,,,
8294116,,,,,,,
8295885,2013-05-08,30.0,2013-05-08,30.0,2013-05-08,0,0
8298092,2013-01-10,399.0,,,2013-01-10,,
8304893,2013-02-11,399.0,2013-02-14,399.0,2013-05-19,3,8
8305059,,,,,,,
8310472,2013-01-31,96.0,2013-02-03,249.0,2013-05-25,3,6
8315822,2013-02-01,56.0,2013-02-01,56.0,2013-05-30,0,2
8316131,,,,,,,
8319237,,,,,,,
8319881,2013-02-19,96.0,2013-02-19,30.0,2013-05-27,0,5
8321106,2013-01-10,30.0,,,2013-01-10,,
8321232,2013-01-21,56.0,2013-01-24,56.0,2013-05-23,3,7
8322271,2013-01-25,399.0,2013-04-04,399.0,2013-04-04,69,69
8325789,2013-02-26,96.0,2013-03-12,96.0,2013-04-18,14,12
8326433,,,,,,,
8326971,2013-03-15,15.99,2013-03-16,15.99,2013-04-04,1,3
8328285,2013-02-05,15.99,,,2013-02-05,,
8337628,,,,,,,
8340754,2013-01-23,56.0,2013-02-15,56.0,2013-03-26,23,12
8341810,2013-03-11,15.99,2013-03-11,15.99,2013-05-27,0,1
8345056,,,,,,,
8345119,,,,,,,
8352968,2013-02-13,15.99,2013-02-13,15.99,2013-02-13,0,0
8354777,,,,,,,
8357983,,,,,,,
8358381,,,,,,,
8359543,2013-02-08,56.0,,,2013-02-08,,
8359772,2013-01-21,30.0,2013-02-27,15.99,2013-05-21,37,40
8362666,2013-04-24,56.0,2013-04-28,30.0,2013-04-28,4,4
8363204,,,,,,,
8365580,,,,,,,
8366184,2013-01-18,15.99,2013-01-21,15.99,2013-01-21,3,0
8368514,2013-01-15,185.0,2013-01-17,96.0,2013-05-30,2,3
8368803,,,,,,,
8370466,,,,,,,
8373735,2013-03-04,15.99,,,2013-03-04,,
8374940,2013-01-24,15.99,2013-02-07,15.99,2013-04-29,14,6
8379019,2013-03-15,30.0,,,2013-03-15,,
8384973,,,,,,,
8385096,,,,,,,
8389779,,,,,,,
8397130,2013-02-10,56.0,,,2013-02-10,,
8397814,2013-01-16,8.99,2013-01-16,15.99,2013-04-16,0,9
8398355,2013-01-23,399.0,2013-02-12,399.0,2013-05-13,20,27
8399082,,,,,,,
8402829,,,,,,,
8419915,,,,,,,
8420330,,,,,,,
8422889,2013-01-18,30.0,2013-01-18,15.99,2013-04-08,0,0
8425222,2013-04-29,15.99,2013-04-29,399.0,2013-05-28,0,7
8429095,2013-02-26,15.99,,,2013-02-26,,
8429238,,,,,,,
8429387,2013-01-22,30.0,2013-01-23,30.0,2013-01-24,1,1
8434462,2013-02-04,96.0,2013-02-08,96.0,2013-05-31,4,9
8435793,,,,,,,
8435942,,,,,,,
8436815,2013-02-06,399.0,2013-02-07,399.0,2013-04-30,1,2
8437064,,,,,,,
8440582,2013-01-22,30.0,2013-01-22,56.0,2013-02-11,0,6
8441097,2013-01-29,15.99,2013-01-30,15.99,2013-05-22,1,11
8441790,,,,,,,
8449716,,,,,,,
8450775,2013-02-04,399.0,2013-05-02,30.0,2013-05-02,87,43
8461372,2013-02-04,15.99,,,2013-02-04,,
8468047,,,,,,,
8468385,2013-02-26,56.0,2013-03-04,15.99,2013-03-04,6,2
8470171,2013-03-06,15.99,2013-03-06,15.99,2013-04-11,0,4
8478993,2013-02-20,30.0,2013-03-09,30.0,2013-04-10,17,9
8479125,2013-01-23,96.0,,,2013-01-23,,
8481601,2013-01-22,249.0,2013-01-24,185.0,2013-04-30,2,8
8494519,2013-01-31,56.0,2013-02-03,96.0,2013-02-03,3,3
8496251,2013-03-20,30.0,2013-03-20,30.0,2013-04-02,0,2
8502537,,,,,,,
8503427,2013-01-24,96.0,2013-05-06,96.0,2013-05-13,102,27
8506155,,,,,,,
8510174,2013-02-08,30.0,2013-02-12,30.0,2013-05-24,4,26
8520118,2013-01-25,399.0,2013-02-04,399.0,2013-05-18,10,18
8522640,,,,,,,
8529126,2013-02-18,399.0,,,2013-02-18,,
8541884,,,,,,,
8548090,2013-01-29,15.99,2013-02-04,15.99,2013-02-04,6,6
8548362,2013-02-16,15.99,2013-03-13,30.0,2013-03-13,25,25
8553895,,,,,,,
8554977,2013-04-16,15.99,2013-04-17,15.99,2013-04-26,1,0
8555040,,,,,,,
8555724,2013-05-07,15.99,2013-05-15,15.99,2013-05-31,8,3
8562757,,,,,,,
8563298,,,,,,,
8568648,2013-02-08,185.0,2013-03-07,56.0,2013-04-25,27,10
8569999,,,,,,,
8572266,2013-05-08,15.99,2013-05-08,15.99,2013-05-08,0,0
8574290,,,,,,,
8581675,2013-02-06,15.99,2013-02-08,15.99,2013-02-12,2,2
8590981,2013-02-12,30.0,,,2013-02-12,,
8593062,2013-02-06,56.0,,,2013-02-06,,
8621947,2013-02-05,185.0,2013-02-06,185.0,2013-05-29,1,2
8622093,,,,,,,
8638841,,,,,,,
8639259,2013-02-10,399.0,2013-02-19,399.0,2013-04-02,9,3
8650019,2013-02-05,30.0,2013-02-08,15.99,2013-02-08,3,3
8651413,2013-02-18,56.0,2013-02-20,56.0,2013-05-23,2,18
8651430,,,,,,,
8651556,2013-02-04,96.0,2013-02-04,96.0,2013-02-04,0,0
8652661,,,,,,,
8652741,,,,,,,
8661689,2013-03-19,56.0,2013-03-19,96.0,2013-03-21,0,1
8670663,2013-02-06,96.0,2013-02-16,96.0,2013-03-31,10,0
8670992,2013-04-17,15.99,,,2013-04-17,,
8673385,2013-03-28,30.0,2013-04-05,30.0,2013-04-29,8,10
8679774,,,,,,,
8681569,,,,,,,
8682628,,,,,,,
8682791,,,,,,,
8683249,2013-02-15,56.0,2013-03-18,15.99,2013-04-12,31,18
8686647,,,,,,,
8688267,2013-05-27,96.0,,,2013-05-27,,
8703690,2013-04-23,15.99,,,2013-04-23,,
8707165,2013-02-12,30.0,2013-02-13,30.0,2013-03-06,1,1
8708868,2013-02-08,96.0,2013-02-27,249.0,2013-02-27,19,19
8709664,,,,,,,
8716116,,,,,,,
8717696,2013-02-11,185.0,2013-02-26,185.0,2013-02-26,15,15
8726435,,,,,,,
8727577,2013-02-08,96.0,2013-02-25,185.0,2013-05-30,17,11
8728536,2013-02-19,15.99,2013-02-19,15.99,2013-04-24,0,5
8730159,2013-02-11,30.0,2013-02-11,30.0,2013-04-17,0,8
8730577,2013-04-03,15.99,,,2013-04-03,,
8732154,2013-03-02,56.0,2013-03-07,56.0,2013-05-14,5,36
8733139,,,,,,,
8736405,2013-04-22,30.0,2013-04-22,30.0,2013-05-24,0,3
8744703,,,,,,,
8748058,,,,,,,
8754235,2013-02-11,30.0,2013-02-14,30.0,2013-03-01,3,9
8758025,2013-02-15,30.0,2013-02-15,15.99,2013-05-24,0,5
8758543,,,,,,,
8759376,2013-02-14,96.0,2013-02-16,96.0,2013-05-01,2,4
8763724,,,,,,,
8769867,,,,,,,
8776064,,,,,,,
8786160,2013-02-25,96.0,,,2013-02-25,,
8793465,2013-02-25,30.0,2013-02-26,96.0,2013-03-05,1,2
8794089,2013-05-15,30.0,2013-05-20,30.0,2013-05-31,5,1
8795440,,,,,,,
8805453,2013-02-15,399.0,,,2013-02-15,,
8806243,,,,,,,
8808175,,,,,,,
8809821,2013-03-20,15.99,2013-04-02,15.99,2013-05-27,13,1
8813777,2013-02-15,30.0,2013-02-15,56.0,2013-04-03,0,15
8819087,2013-02-19,96.0,2013-02-28,96.0,2013-02-28,9,9
8824809,,,,,,,
8825410,2013-02-23,56.0,2013-02-25,96.0,2013-04-19,2,18
8827179,2013-03-21,30.0,2013-03-26,30.0,2013-04-16,5,6
8827989,2013-02-17,96.0,,,2013-02-17,,
8828135,2013-03-01,15.99,2013-03-01,30.0,2013-05-17,0,4
8829509,,,,,,,
8831733,,,,,,,
8832071,,,,,,,
8833568,2013-03-13,185.0,2013-03-15,96.0,2013-03-25,2,2
8840146,,,,,,,
8852523,2013-02-19,96.0,2013-02-19,96.0,2013-04-09,0,1
8852675,2013-02-18,96.0,,,2013-02-18,,
8853900,,,,,,,
8853963,,,,,,,
8855317,2013-02-18,15.99,2013-02-18,15.99,2013-02-22,0,2
8855941,2013-03-19,30.0,2013-03-27,30.0,2013-05-31,8,3
8858626,2013-02-18,15.99,2013-02-19,15.99,2013-02-19,1,1
8863329,,,,,,,
8865141,,,,,,,
8865347,,,,,,,
8871006,2013-02-28,399.0,,,2013-02-28,,
8872048,,,,,,,
8873399,2013-04-02,56.0,2013-04-22,56.0,2013-04-22,20,20
8874478,2013-03-19,96.0,,,2013-03-19,,
8875543,2013-04-05,30.0,2013-04-30,96.0,2013-05-27,25,6
8875566,,,,,,,
8884534,,,,,,,
8884657,2013-03-05,56.0,,,2013-03-05,,
8889423,2013-03-04,15.99,2013-03-05,15.99,2013-03-05,1,1
8890253,2013-03-04,30.0,2013-03-11,15.99,2013-03-20,7,1
8893024,2013-02-28,96.0,2013-03-01,96.0,2013-05-21,1,9
8903446,,,,,,,
8905055,,,,,,,
8906987,2013-02-27,15.99,2013-02-27,15.99,2013-03-28,0,0
8907863,2013-04-08,30.0,,,2013-04-08,,
8910007,2013-03-05,30.0,2013-03-11,30.0,2013-05-24,6,5
8913084,,,,,,,
8918248,2013-02-26,30.0,2013-02-26,56.0,2013-02-26,0,0
8924448,2013-04-20,15.99,,,2013-04-20,,
8926091,2013-03-28,15.99,,,2013-03-28,,
8930313,2013-03-14,15.99,,,2013-03-14,,
8933771,2013-02-26,56.0,2013-03-05,56.0,2013-04-30,7,2
8937326,2013-03-12,96.0,,,2013-03-12,,
8950419,2013-03-05,30.0,2013-03-19,96.0,2013-05-23,14,6
8963532,2013-03-15,30.0,2013-03-16,30.0,2013-04-02,1,3
8964505,,,,,,,
8965009,,,,,,,
8966134,2013-04-24,96.0,2013-04-25,96.0,2013-05-31,1,2
8966197,,,,,,,
8970937,2013-05-07,30.0,2013-05-07,30.0,2013-05-07,0,0
8990336,2013-03-12,15.99,2013-03-27,15.99,2013-04-30,15,8
8995408,,,,,,,
9008501,2013-03-06,96.0,,,2013-03-06,,
9019533,2013-03-29,56.0,2013-05-07,56.0,2013-05-10,39,8
9025378,2013-03-10,30.0,2013-03-13,30.0,2013-05-11,3,31
9030559,2013-04-26,15.99,,,2013-04-26,,
9035511,,,,,,,
9040005,2013-03-18,15.99,2013-03-21,96.0,2013-05-22,3,2
9040841,2013-03-26,30.0,2013-03-26,15.99,2013-05-27,0,4
9040901,2013-05-10,185.0,2013-05-16,185.0,2013-05-26,6,8
9042341,,,,,,,
9057698,,,,,,,
9072328,,,,,,,
9073699,2013-03-29,15.99,,,2013-03-29,,
9074137,2013-03-31,30.0,,,2013-03-31,,
9079942,,,,,,,
9089560,2013-03-22,15.99,2013-03-26,15.99,2013-03-26,4,1
9089952,2013-04-04,96.0,2013-04-26,96.0,2013-04-26,22,22
9094263,2013-04-04,15.99,,,2013-04-04,,
9100881,,,,,,,
9101771,,,,,,,
9108807,2013-05-22,96.0,,,2013-05-22,,
9111289,,,,,,,
9115966,,,,,,,
9116719,2013-03-10,15.99,2013-03-10,15.99,2013-04-18,0,3
9117612,,,,,,,
9118774,2013-03-14,56.0,2013-03-15,399.0,2013-04-09,1,5
9120008,2013-03-11,15.99,2013-03-11,15.99,2013-03-11,0,0
9143626,,,,,,,
9150115,2013-05-14,30.0,2013-05-15,96.0,2013-05-31,1,8
9157652,,,,,,,
9159690,2013-03-19,15.99,2013-03-19,15.99,2013-03-19,0,0
9168074,,,,,,,
9177045,2013-03-29,56.0,2013-03-29,56.0,2013-04-04,0,3
9178860,2013-03-20,15.99,2013-03-20,15.99,2013-03-21,0,0
9181124,2013-03-20,15.99,2013-03-20,15.99,2013-05-30,0,5
9181605,2013-04-06,30.0,,,2013-04-06,,
9182252,2013-03-20,15.99,2013-03-20,8.99,2013-04-18,0,0
9182933,2013-04-08,30.0,2013-04-08,30.0,2013-05-21,0,1
9188163,2013-04-30,15.99,2013-04-30,15.99,2013-05-05,0,0
9204161,2013-04-18,15.99,,,2013-04-18,,
9225080,2013-04-05,15.99,2013-04-16,15.99,2013-04-16,11,11
9226205,,,,,,,
9229342,,,,,,,
9230052,2013-05-23,30.0,,,2013-05-23,,
9237978,,,,,,,
9243016,2013-04-26,15.99,,,2013-04-26,,
9246202,2013-04-20,56.0,2013-04-21,56.0,2013-05-14,1,3
9250553,,,,,,,
9253799,2013-03-26,15.99,2013-04-12,15.99,2013-04-12,17,17
9260583,2013-03-28,56.0,2013-04-08,30.0,2013-04-19,11,7
9269053,,,,,,,
9274672,2013-03-26,30.0,2013-03-26,30.0,2013-04-02,0,0
9277165,2013-03-26,30.0,2013-03-28,30.0,2013-04-29,2,0
9278453,2013-03-29,15.99,,,2013-03-29,,
9278977,2013-03-20,30.0,2013-03-21,30.0,2013-05-30,1,1
9280583,2013-05-18,399.0,2013-05-21,399.0,2013-05-31,3,2
9281184,2013-03-25,56.0,2013-04-03,15.99,2013-05-27,9,31
9287032,2013-05-06,15.99,2013-05-06,15.99,2013-05-07,0,0
9287845,,,,,,,
9288197,,,,,,,
9293292,2013-03-25,15.99,2013-03-25,15.99,2013-04-19,0,1
9299913,2013-04-19,15.99,2013-05-23,15.99,2013-05-31,34,21
9303806,,,,,,,
9306860,2013-03-26,15.99,2013-03-26,15.99,2013-04-24,0,0
9326013,,,,,,,
9326505,,,,,,,
9327258,2013-04-10,96.0,2013-04-15,96.0,2013-05-30,5,10
9328861,2013-04-18,56.0,2013-04-26,399.0,2013-05-31,8,2
9331068,2013-03-23,56.0,2013-03-23,96.0,2013-05-30,0,2
9333020,,,,,,,
9333919,2013-05-14,30.0,2013-05-15,30.0,2013-05-30,1,8
9334102,,,,,,,
9338393,2013-05-26,96.0,,,2013-05-26,,
9339913,,,,,,,
9343763,,,,,,,
9347152,2013-04-05,30.0,2013-04-06,30.0,2013-05-29,1,4
9349316,,,,,,,
9366986,,,,,,,
9367710,2013-03-27,399.0,2013-04-04,399.0,2013-05-01,8,8
9367945,2013-04-02,56.0,2013-04-04,56.0,2013-05-16,2,1
9373707,2013-03-28,15.99,2013-03-28,15.99,2013-04-09,0,0
9377892,2013-03-29,30.0,2013-03-29,30.0,2013-04-09,0,1
9379595,,,,,,,
9381988,2013-04-25,15.99,,,2013-04-25,,
9394288,,,,,,,
9407335,,,,,,,
9407484,2013-03-31,30.0,2013-03-31,30.0,2013-04-26,0,5
9409625,,,,,,,
9410086,,,,,,,
9410770,2013-04-02,30.0,2013-04-02,30.0,2013-04-02,0,0
9413598,,,,,,,
9414726,2013-04-01,185.0,,,2013-04-01,,
9415058,,,,,,,
9418994,2013-04-01,96.0,2013-04-01,185.0,2013-04-01,0,0
9420843,,,,,,,
9427249,,,,,,,
9428228,2013-04-05,15.99,,,2013-04-05,,
9431377,,,,,,,
9431563,,,,,,,
9434471,2013-04-24,30.0,2013-04-30,30.0,2013-05-13,6,9
9436120,,,,,,,
9436847,2013-04-05,30.0,2013-05-08,56.0,2013-05-08,33,33
9437325,2013-04-29,15.99,2013-04-29,15.99,2013-04-29,0,0
9439930,,,,,,,
9441464,2013-05-27,15.99,2013-05-28,30.0,2013-05-28,1,1
9443399,,,,,,,
9449522,2013-04-05,15.99,,,2013-04-05,,
9460923,2013-04-11,30.0,2013-04-11,30.0,2013-04-30,0,6
9461046,2013-04-10,15.99,2013-04-17,30.0,2013-04-17,7,7
9461693,2013-04-09,185.0,2013-04-10,399.0,2013-05-24,1,11
9463399,,,,,,,
9466442,,,,,,,
9475224,2013-04-21,15.99,,,2013-04-21,,
9482918,2013-04-09,15.99,2013-04-09,15.99,2013-04-09,0,0
9483608,2013-04-11,56.0,2013-04-11,15.99,2013-05-31,0,1
9486476,,,,,,,
9495487,,,,,,,
9500631,,,,,,,
9502918,,,,,,,
9506977,,,,,,,
9507896,,,,,,,
9510518,2013-05-10,96.0,,,2013-05-10,,
9513074,2013-04-15,15.99,2013-04-17,56.0,2013-05-28,2,2
9515258,2013-05-31,30.0,2013-05-31,30.0,2013-05-31,0,0
9520608,2013-05-14,15.99,,,2013-05-14,,
9524856,2013-04-26,15.99,2013-04-26,15.99,2013-05-02,0,1
9528660,,,,,,,
9529310,,,,,,,
9533967,2013-04-26,15.99,2013-04-30,15.99,2013-05-30,4,0
9535656,2013-05-06,15.99,2013-05-06,15.99,2013-05-31,0,1
9536526,,,,,,,
9537465,,,,,,,
9550990,,,,,,,
9551617,,,,,,,
9551826,2013-04-22,30.0,2013-04-26,30.0,2013-04-26,4,4
9553383,,,,,,,
9559755,2013-04-18,96.0,2013-04-18,96.0,2013-05-23,0,5
9566702,2013-04-18,15.99,2013-04-18,8.99,2013-05-24,0,1
9568185,,,,,,,
9568288,,,,,,,
9570927,2013-04-30,96.0,2013-05-21,96.0,2013-05-30,21,15
9574050,,,,,,,
9574734,2013-04-22,15.99,2013-05-22,15.99,2013-05-22,30,30
9579423,2013-04-23,15.99,2013-04-23,15.99,2013-05-31,0,1
9583582,,,,,,,
9585749,2013-05-20,15.99,,,2013-05-20,,
9589324,2013-04-19,15.99,2013-04-19,30.0,2013-04-23,0,0
9591717,2013-05-10,30.0,2013-05-10,30.0,2013-05-20,0,3
9595026,,,,,,,
9598919,2013-04-23,15.99,2013-04-23,15.99,2013-04-26,0,0
9599735,,,,,,,
9604063,,,,,,,
9606616,,,,,,,
9607913,,,,,,,
9608806,2013-05-22,15.99,2013-05-22,15.99,2013-05-27,0,1
9614302,2013-04-25,56.0,2013-04-27,30.0,2013-05-30,2,3
9614691,,,,,,,
9630111,,,,,,,
9632298,,,,,,,
9633712,,,,,,,
9636569,,,,,,,
9638710,2013-05-16,56.0,2013-05-21,56.0,2013-05-31,5,3
9638773,,,,,,,
9639205,,,,,,,
9640725,,,,,,,
9646158,,,,,,,
9649799,,,,,,,
9653237,,,,,,,
9668740,,,,,,,
9669235,2013-04-29,15.99,,,2013-04-29,,
9673546,,,,,,,
9674359,,,,,,,
9674379,,,,,,,
9674714,,,,,,,
9688903,,,,,,,
9705889,,,,,,,
9727131,,,,,,,
9729066,,,,,,,
9750423,2013-05-23,15.99,2013-05-24,15.99,2013-05-26,1,0
9752000,,,,,,,
9753875,2013-05-06,56.0,2013-05-06,56.0,2013-05-06,0,0
9771067,,,,,,,
9773002,,,,,,,
9773082,,,,,,,
9779345,2013-05-16,96.0,,,2013-05-16,,
9792670,,,,,,,
9799302,,,,,,,
9799763,,,,,,,
9803490,2013-05-16,96.0,2013-05-16,96.0,2013-05-30,0,1
9808714,,,,,,,
9811107,,,,,,,
9823255,,,,,,,
9830726,,,,,,,
9861446,2013-05-13,15.99,2013-05-20,15.99,2013-05-20,7,7
9866856,2013-05-20,96.0,2013-05-20,96.0,2013-05-29,0,0
9871230,,,,,,,
9875638,,,,,,,
9879471,,,,,,,
9921403,2013-05-20,15.99,2013-05-20,15.99,2013-05-20,0,0
9927314,,,,,,,
9928556,,,,,,,
9933328,,,,,,,
9949495,,,,,,,
9950680,,,,,,,
9954991,2013-05-28,15.99,,,2013-05-28,,
9957344,,,,,,,
10003083,,,,,,,
10005121,,,,,,,
10020564,,,,,,,
10021145,2013-04-12,30.0,,,2013-04-12,,
10026243,2013-05-31,56.0,,,2013-05-31,,
10030239,,,,,,,
10038958,,,,,,,
10044703,,,,,,,
10100618,,,,,,,
10101414,,,,,,,
10111607,2013-01-14,96.0,2013-01-21,96.0,2013-01-29,7,5
10113419,2013-01-16,15.99,2013-01-17,15.99,2013-03-15,1,3
10113625,2013-04-24,56.0,,,2013-04-24,,
10114043,2013-02-12,249.0,,,2013-02-12,,
10116894,,,,,,,
10119416,2013-04-03,399.0,2013-05-28,56.0,2013-05-28,55,55
10120598,2013-03-27,15.99,2013-04-21,15.99,2013-04-26,25,10
10122367,2013-01-21,399.0,2013-03-27,399.0,2013-05-23,65,15
10202802,2013-05-24,30.0,,,2013-05-24,,
10206343,,,,,,,
10207236,,,,,,,
10207717,,,,,,,
10215082,,,,,,,
10219244,2013-05-24,56.0,2013-05-24,56.0,2013-05-28,0,1
10223987,2013-05-24,30.0,2013-05-24,30.0,2013-05-31,0,0
10232188,2013-05-23,56.0,2013-05-29,56.0,2013-05-30,6,3
10245819,,,,,,,
10254203,,,,,,,
10254249,,,,,,,
10256765,,,,,,,
10261279,2013-05-29,8.99,2013-05-29,15.99,2013-05-29,0,0
10277718,,,,,,,
10304525,,,,,,,
10309314,,,,,,,
10315093,,,,,,,
10335846,,,,,,,
10342630,,,,,,,
10343752,,,,,,,
